Vehicle Class,ABU ROAD DTO,ADOOR SRTO,AGAR MALWA RTO,AHMEDABAD,AHMEDABAD EAST,AIZAWL DTO,AJMER RTO,AKBARPUR(AMBEDKAR NAGAR),AKLUJ,ALANGUDI UO,ALANGULAM UO,ALAPPUZHA RTO,ALATHUR SRTO,ALIGARH RTO,ALIPORE RTO,ALIPURDUAR RTO,ALIRAJPUR DTO,ALMORA RTO,ALUVA SRTO,ALWAR RTO,AMBALA CITY,AMBASAMUTHIRAM UO,AMBATTUR RTO,AMBEJOGAI,AMBUR UO,AMRAWATI,AMRELI,ANAND,ANGAMALI SRTO,ANGUL RTO,ARAKKONAM UO,ARAMBAG ARTO,ARANI RTO,ARANTHANGI UO,ARARIA,ARAVAKURICHI UO,ARAWAL,ARIYALUR RTO,ARTO BARBIL,ARTO OFFICE RAMPUR,ARUPPUKOTTAI UO,ASHOKNAGAR DTO,ATHANI ARTO,ATTINGAL RTO,ATTUR RTO,AURAIYA,AURANGABAD,AVINASHI UO,AYODHYA RTO,Adoni RTO,Agra RTO,Ahmedabad (Rural) Bawla ARTO,Amalapuram RTA,Ambikapur RTO,Amethi ARTO,Anakapalli RTA,Anantapur RTA,Azamgarh RTO,BADWANI DTO,BAGALKOT RTO,BAHADURGARH,BAHOUR,BAILHONGAL RTO,BALAGHAT DTO,BALASORE RTO,BALLABGARH,BANASKANTHA,BANDARTO,BANGAON ARTO,BANKA,BANKURA RTO,BANSWARA DTO,BANTWALA ARTO,BAPATLA RTO OFFICE,BARAMATI,BARAN DTO,BARASAT RTO,BARDOLI,BAREILLY,BARGARH RTO,BARMER DTO,BARPETA,BARRACKPORE ARTO,BARUIPUR ARTO,BASAVAKALYAN ARTO,BASIRHAT ARTO,BASKA,BASTI RTO,BATLAGUNDU UO,BAWAL,BEAWAR DTO,BEED,BEGUSARAI,BEHALA ARTO,BELLARY RTO,BENGALURU CENTRAL RTO,BENGALURU EAST RTO,BENGALURU NORTH RTO,BENGALURU SOUTH RTO,BENGALURU WEST RTO,BETTIAH,BETUL DTO,BHABHUA,BHADGAON,BHADRAK RTO,BHAGALPUR,BHALKI ARTO,BHANDARA,BHARATPUR RTO,BHARUCH,BHAVANI UO,BHAVNAGAR,BHILWARA DTO,BHIND DTO,BHINMAL DTO,BHIWANI,BHIWARI DTO,BHOJPUR,BHOPAL RTO,BHUBANESWAR RTO,BHUBANESWAR-II RTO,BICHOLIM RTO,BIJAPUR RTO,BIKANER RTO,BIRBHUM RTO,BISHNUPUR,BISWANATH CHARIALI,BOKARO,BOLANGIR RTO,BOLPUR ARTO,BONGAIGAON,BOTAD,BULDHANA,BUNDI DTO,BURARI TAXI UNIT,BUXUR,Badaun,Baghpat,Bahraich,Ballia,Balod DTO,Baloda Bazar DTO,Balrampur,Balrampur DTO,Barabanki ARTO,Bemetara DTO,Bhadohi(SANT RAVIDAS NAGAR),Bhimavaram RTA,Bijapur DTO,Bijnor,Bilaspur RTO,Bulandshahar,CACHAR,CANACONA RTO,CHADAYAMANGALA SRTO,CHALAKKUDY SRTO,CHALISGAON,CHAMARAJANAGAR RTO,CHANCHOL ARTO,CHANDAPURA BENGALURU RTO,CHANDIGARH UT (RLA AND STA),CHANDIKHOLE RTO,CHANGANACHERRY SRTO,CHAPARA,CHARAIDEO,CHARKHI DADRI,CHATRA,CHATTARPUR ARTO,CHENGALPATTU RTO,CHENNAI (CENTRAL RTO,CHENNAI (EAST RTO,CHENNAI (NORTH RTO,CHENNAI (NORTH-EAST RTO,CHENNAI (SOUTH RTO,CHENNAI (SOUTH-EAST RTO,CHENNAI (SOUTH-WEST RTO,CHENNAI (WEST RTO,CHERTHALA SRTO,CHETLAT,CHEYYAR UO,CHHATRAPATI SAMBHAJINAGAR,CHHINDWARA ARTO,CHHOTAUDAIPUR,CHICKABALLAPUR RTO,CHIDAMBARAM RTO,CHIKAMANGLUR RTO,CHIKKODI RTO,CHINTAMANI ARTO,CHIRANG,CHITRADURGA RTO,CHITTORGARH RTO,CHITTUR SRTO,CHOMU DTO,CHURACHANDPUR,CHURU DTO,COIMBATORE (CENTRAL RTO,COIMBATORE (NORTH RTO,COIMBATORE (SOUTH RTO,COIMBATORE (WEST RTO,COOCHBEHAR RTO,CUDDALORE RTO,CUTTACK RTO,Chandauli,Chirala UO,Chitrakoot,Chittoor RTA,Cuddapah RTA,DAHOD,DAKSHIN DINAJPUR RTO,DAMAN,DAMOH DTO,DANDELI ARTO,DARBHANGA,DARRANG,DAUSA RTO,DAVANAGERE RTO,DEHRADUN RTO,DEOGHAR,DEORIA,DEVANAHALLI ARTO,DEVIKULAM SRTO,DEWAS DTO,DHALAI DTO,DHANBAD,DHAR ARTO,DHARAPURAM RTO,DHARASHIV,DHARBANDORA RTO,DHARMAPURI RTO,DHARWAD EAST RTO,DHARWAD WEST RTO,DHEMAJI,DHENKANAL RTO,DHOLPUR DTO,DHUBRI,DHULE,DIAMOND HARBOUR ARTO,DIBRUGARH,DIDWANA DTO,DIMAPUR DTO,DINDIGUL RTO,DIU,DTO OFFICE DUMKA,DUDU DTO,DUNGARPUR DTO,DURG RTO,DURGAPORE ARTO,DWARKA,DY REGIONAL TRANSPORT OFFICE HINGOLI,DY RTO RATNAGIRI,Dantewada DTO,Darsi UO,Dhamtari DTO,EAST SINGHBHUM (JAMSHEDPUR),ELECTRONIC CITY RTO,ELLNABAD,ERNAKULAM RTO,ERODE (WEST RTO,ERODE RTO,Etah,Etawah,FARIDABAD,FATHEHPUR,FEROZABAD,FEROZEPUR ZIRKHA,Farrukhabad,GADAG RTO,GADCHIROLI,GANAUR,GANDERBAL ARTO,GANDHINAGAR,GANJAM RTO,GAYA,GHAZIABAD,GINGEE UO,GIRIDIH,GOALPARA,GODDA,GOHANA,GOKAK ARTO,GOLAGHAT,GOMATI DTO,GONDA,GONDHIA,GOPALGANJ,GOPICHETTIPALAYAM RTO,GUDIYATHAM UO,GUMMIDIPOONDI UO,GUNA DTO,GURUGRAM SOUTH,GURUVAYUR SRTO,GWALIOR RTO,Gajuwaka RTA,Gariyaband DTO,Ghazipur,Gorakhpur RTO,Gudiwada RTA,Gudur RTA,Guntakal UO,Guntur RTA,HAILAKANDI,HALDWANI RTO,HAMIRPUR(UP),HANSI,HANUMANGARH DTO,HARDA DTO,HARDOI,HARIDWAR ARTO,HARUR UO,HARYANA HEAD OFFICE CHD,HASSAN RTO,HATHRAS,HAVERI RTO,HAZARIBAG,HISAR,HOJAI,HONNAVAR ARTO,HOOGHLY RTO,HOSANGABAD DTO,HOSPET RTO,HOSUR RTO,HOWRAH RTO,HUNSUR ARTO,Hapur,Hindupur RTA,I P ESTATE,ICHALKARANJI,IDUKKI RTO,ILLUPPUR UO,IMPHAL EAST,IMPHAL WEST,INDORE RTO,IRINJALAKUDA SRTO,IRITTY SRTO,ITANAGAR CAPITAL REGION,JABALPUR RTO,JAGADHARI,JAGATPURA JAIPUR ARTO,JAGDALPUR RTO,JAIPUR (FIRST RTO,JAIPUR (SECOND RTO,JAISALMER DTO,JAJPUR RTO,JALANA,JALORE DTO,JALPAIGURI RTO,JAMKHANDI ARTO,JAMMU RTO,JAMNAGAR,JAMTARA,JAMUI,JANAKPURI,JANGAREDDYGUDEM RTA,JANGIPUR ARTO,JAUNPUR,JEHANABAD,JHABUA DTO,JHAJHAR,JHALAWAR DTO,JHARSUGUDA RTO,JHUNJHUNU DTO,JIND,JNANABHARATHI RTO,JODHPUR RTO,JPNAGAR,JUNAGADH,Jaggayyapet UO,Janjgir Champa DTO,Jashpur DTO,JhansiRTO,K G F ARTO,KACHCHH,KACHCHH EAST,KALABURAGI RTO,KALAHANDI RTO,KALLAKURICHI RTO,KALNA ARTO,KALYAN,KALYANI ARTO,KAMRUP,KAMRUP(RURAL),KANCHEEPURAM RTO,KANGEYAM UO,KANHANGAD SRTO,KANJIRAPPALLY SRTO,KANKER DTO,KANNUR RTO,KANPUR NAGAR,KARAD,KARAIKAL,KARAIKUDI UO,KARIMGANJ,KARNAL,KAROLI DTO,KARUNAGAPPALLY SRTO,KARUR RTO,KARWAR RTO,KASARGODE RTO,KASBA ARTO,KASHIPUR ARTO,KATHUA RTO,KATIHAR,KATNI ARTO,KATTAKADA SRTO,KATWA ARTO,KAVARATTI,KAWARDHA DTO,KAYAMKULAM SRTO,KAZHAKUTTOM SRTO,KEKRI DTO,KEONJHAR RTO,KHAGARIA,KHAMBHALIYA,KHANDWA ARTO,KHARAGPUR ARTO,KHARGONE ARTO,KHEDA,KHETRI DTO,KHORDHA ARTO,KHOWAI DTO,KISHANGANJ,KISHANGARH DTO,KODERMA,KODUNGALLUR SRTO,KODUVALLY SRTO,KOILANDY SRTO,KOKRAJHAR,KOLAR RTO,KOLHAPUR,KOLLAM RTO,KONDAGAON DTO,KONDOTTY SRTO,KONNI SRTO,KOPPAL RTO,KORAPUT RTO,KOSLI,KOTA RTO,KOTDWAR ARTO,KOTHAMANGALAM SRTO,KOTPUTALI DTO,KOTTARAKKARA SRTO,KOTTAYAM RTO,KOVILPATTI RTO,KOZHIKODE RTO,KRISHNAGIRI RTO,KRISHNARAJAPURAM RTO,KULGAM ARTO,KULITHALI UO,KUMARAPALAYAM RTO,KUMBAKONAM RTO,KUNDRATHUR RTO,KUNNATHUR SRTO,KUTTANADU SRTO,Kannauj,Kanpur Dehat,Kasganj(kashi ram nagar),Kaushambi,Kavali UO,Korba DTO,Kovvuru UO,Kurnool RTA,LADWA,LAKHIMPUR,LAKHIMPUR KHERI,LAKHISARAI,LALKUDI UO,LOHARDAGA,LONI ROAD,LOWER SIANG,Lalitpur,MADHEPURA,MADHUBANI,MADHUGIRI TUMAKURU ARTO,MADIKERI RTO,MADURAI (CENTRAL RTO,MADURAI (NORTH RTO,MADURAI (SOUTH RTO,MADURANTAGAM UO,MAHANAGAR ARTO LUCKNOW (UP321),MAHE,MAHENDERGARH,MALAPPURAM RTO,MALDA RTO,MALEGAON,MALL ROAD,MALLAPPALLY SRTO,MANANTHAVADY SRTO,MANAPARAI UO,MANDLA DTO,MANDSAUR ARTO,MANDYA RTO,MANGALORE RTO,MANMANGALAM UO,MANNARGHAT SRTO,MANNARGUDI UO,MAPUSA RTO,MARGAO RTO,MARTHANDAM RTO,MATHABHANGA ARTO,MATHURA,MATTANCHERRY SRTO,MAVELIKKARA SRTO,MAYILADUTHURAI RTO,MAYUR VIHAR,MAYURBHANJ RTO,MEENAMBAKKAM RTO,MEERUT RTO,MEHSANA,MELUR UO,METTUPALAYAM RTO,METTUR RTO,MIRZAPUR RTO,MODASA,MORADABAD,MORBI,MORENA DTO,MORIGAON,MOTIHARI,MUMBAI (CENTRAL),MUMBAI (EAST),MUMBAI (WEST),MUNGER,MURSHIDABAD RTO,MUSURI UO,MUVATTUPUZHA RTO,MUZAFFARPUR,MYSURU EAST RTO,MYSURU WEST RTO,Maharajganj,Mahasamund DTO,Mahoba,Mainpuri,Mandapeta UO,Markapur UO,Mau,Mungeli DTO,MuzaffarNagar,NADIA RTO,NAGAMANGALA RTO,NAGAON,NAGAPATTINAM RTO,NAGAUR DTO,NAGERCOIL RTO,NAGPUR (EAST),NAGPUR (RURAL),NAGPUR (U),NALANDA,NALBARI,NAMAKKAL (NORTH RTO,NAMAKKAL (SOUTH RTO,NANDED,NANDURBAR,NANMANDA SRTO,NARAINGARH,NARMADA,NARNAUL,NARSINGHPUR DTO,NARWANA,NASHIK,NATHAM UO,NAVSARI,NAWADA,NEDUMANGADU SRTO,NEEMUCH DTO,NELAMANGALA RTO,NEYVELI UO,NEYYATTINKARA SRTO,NILAMBUR SRTO,NOHAR DTO,NOKHA DTO,NORTH PARUR SRTO,NORTH TRIPURA DTO,Nandigama RTA,Nandyal RTA,Narasaraopet RTA,Nellore RTA,Noida,Nuzvid UO,ODDANCHATRAM UO,OMALURE UO,OOTY RTO,OTTAPPALAM SRTO,OULGARET,Orai,PADRAUNA(KUSHI NAGAR),PAKUR,PALACODE UO,PALAI SRTO,PALAKKAD RTO,PALAMU,PALANI RTO,PALI RTO,PALWAL,PANAJI RTO,PANCHKULA,PANCHMAHAL,PANIPAT,PANNA DTO,PANRUTI UO,PANVEL,PARAMAKUDI UO,PARAMATHI VELLURE UO,PARASSALA SRTO,PARBHANI,PARVATHIPURAM RTO OFFICE,PASCHIM BURDWAN RTO,PASCHIM MIDNAPORE RTO,PATAN,PATAUDI,PATHANAMTHITTA RTO,PATHANAPURAM SRTO,PATNA,PATTAMBI SRTO,PATTUKOTTAI UNIT OFFICE,PAYYANNUR SRTO,PEN (RAIGAD),PERAMBALUR RTO,PERAMBRA SRTO,PERINTHALMANNA SRTO,PERNEM RTO,PERUMBAVUR SRTO,PERUNDURAI RTO,PHALODI DTO,PHALTAN,POLLACHI RTO,PONDA RTO,PONNANI SRTO,POONAMALLEE RTO,PORBANDAR,PRATAPGARH,PRATAPGARH DTO,PUDUCHERRY,PUDUKOTTAI RTO,PUNALUR SRTO,PUNE,PURBA BURDWAN RTO,PURI RTO,PURNEA,PURULIA RTO,PUTTUR RTO,PVD KOLKATA,Palakole UO,Piduguralla UO,Pilibhit,Port Blair DTO,Prakasam RTA,Prayagraj RTO,Proddutur RTA,QUEPEM RTO,R.T.O.BORIVALI,RAGHUNATHPUR ARTO,RAICHUR RTO,RAIRANGPUR ARTO,RAISEN DTO,RAJAPALAYAM UO,RAJGARH DTO,RAJKOT,RAJOURI GARDEN,RAJPUR ROAD/VIU BURARI,RAJSAMAND DTO,RAMANAGAR RTO,RAMANATHAPURAM RTO,RAMANATTUKARA (FEROKE SRTO,RAMDURGA ARTO,RAMGANJMANDI DTO,RAMGARH,RAMNAGAR ARTO,RAMPURHAT ARTO,RANCHI,RANIBENNUR ARTO,RANIKHET ARTO,RANIPET RTO,RANNI SRTO,RASIPURAM UO,RATLAM DTO,RAYGADA RTO,REASI ARTO,REDHILLS RTO,REGIONAL TRANSPORT OFFICE BELAGAVI,RESUBELPARA,REWA RTO,REWARI,RISHIKESH ARTO,RLA CHAMBA,RLA CHUWARI,RLA DEHRA,RLA DHARAMSHALA,RLA HAROLI,RLA INDORA,RLA JAWALAJI,RLA JOGINDER NAGAR,RLA KANGRA,RLA NAGROTA BAGWAN,RLA NURPUR,RLA PALAMPUR,RLA SHAHPUR,RLA SUNDARNAGAR,RLA TAURU,RLA UNA,ROHINI,ROHTAK,ROHTAS,ROORKEE ARTO,ROURKELA RTO,RTA AMBALA,RTA BHIWANI,RTA CHARKI DADRI,RTA Eluru,RTA FARIDABAD,RTA FATEHABAD,RTA GURGAON,RTA HISAR,RTA JHAJJAR AT BAHADURGARH,RTA JIND,RTA KAITHAL,RTA KARNAL,RTA KURUKSHETRA,RTA Kakinada,RTA MACHILIPATNAM,RTA MOHINDERGARH,RTA NUH,RTA PALWAL,RTA PANCHKULA,RTA PANIPAT,RTA REWARI,RTA ROHTAK,RTA SONEPAT,RTA YNR,RTO AHEMEDNAGAR,RTO AKOLA,RTO AMRITSAR,RTO BARNALA,RTO BATHINDA,RTO CHANDRAPUR,RTO CHENNAI (NORTH WEST),RTO FARIDKOT,RTO FATEHGARH SAHIB,RTO FEROZPUR,RTO GURDASPUR,RTO HAMIRPUR,RTO HOSHIARPUR,RTO JALANDHAR,RTO JALGAON,RTO LATUR,RTO LUDHIANA,RTO MADANAPALLE,RTO MANDI,RTO MANSA,RTO NAHAN,RTO PATHANKOT,RTO PATIALA,RTO PIMPRI CHINCHWAD,RTO SAHIBZADA AJIT SINGH NAGAR,RTO SANGRUR,RTO SATARA,RTO SOLAPUR,Raibareilly,Raigarh DTO,Raipur RTO,Rajahmundry RTA,Rajnandgaon ARTO,Ramachandrapuram UO,Ravulapalem UO,Rayachoti MVI Office,SABARKANTHA,SAGAR ARTO,SAGAR RTO,SAHAPURA (BHILWARA DTO,SAHAPURA (JAIPUR DTO,SAHARANPUR RTO,SAHARSA,SAHEBGANJ,SAHJAHANPUR,SAKALESHPURA ARTO,SALEM (EAST RTO,SALEM (SOUTH RTO,SALEM (WEST RTO,SALTLAKE ARTO,SAMALKHA,SAMASTIPUR,SAMBA ARTO,SAMBALPUR RTO,SANGLI,SANKAGIRI RTO,SANKARANKOVIL RTO,SARAI KALE KHAN,SARAIKELA-KHARSAWAN,SATHYAMANGALAM UO,SATNA ARTO,SAWAI MADHOPUR DTO,SDM ABOHAR,SDM AMBALA CANTONMENT,SDM AMLOH,SDM BADHRA,SDM BADKHAL,SDM BADSHAHPUR,SDM BASSI PATHANA,SDM BERI,SDM BILASPUR,SDM BUDHLADA,SDM DERA BASSI,SDM DHARAMKOT,SDM GHARAUNDA,SDM GURUGRAM,SDM INDIRI,SDM KHANNA,SDM KHARAR,SDM KHARKHONDA,SDM LUDHIANA EAST,SDM MUKERIAN,SDM RADAUR,SDM SAMPLA,SDM SARDULGARH,SDM SHAHABAD,SEHORE DTO,SEONI ARTO,SEPAHIJALA DTO,SHAHDOL RTO,SHAJAPUR DTO,SHAMLI ARTO,SHEIKHPURA,SHEOPUR DTO,SHIMOGA RTO,SHIVPURI DTO,SHOLINGANALLUR RTO,SIDHI DTO,SIKAR RTO,SILIGURI ARTO,SILVASSA,SINDHUDURG(KUDAL),SIRKALI UO,SIRSA,SIRSI RTO,SITAMARHI,SIVAGANGAI RTO,SIVAKASI RTO,SIVASAGAR,SIWAN,SONBHADRA,SONEPAT,SONEPUR RTO,SONITPUR,SOUTH DELHI,SOUTH SALMARA,SOUTH TRIPURA DTO,SRI GANGANAGAR DTO,SRINAGAR RTO,SRIPERUMBUDUR RTO,SRIRAMPUR,SRIRAMPUR ARTO,SRIRANGAM RTO,SRIVILLIPUTHUR RTO,SUJANGARH DTO,SULTHANBATHERY SRTO,SULUR UO,SUNDERGARH RTO,SUPAUL,SURAJMAL VIHAR,SURAT,SURENDRANAGAR,Sambhal ARTO,Sant Kabir Nagar,Shravasti,Siddharth Nagar(naugarh),Sitapur,Srikakulam RTA,Sullurpet UO,Sultanpur,TALCHER RTO,TAMBARAM RTO,TANAKPUR ARTO,TARIKERE CHIKKAMAGALURU ARTO,TENALI RTA,TENKASI RTO,THALASSERY SRTO,THALIPARAMBA SRTO,THANE,THANESAR,THANJAVUR RTO,THENI RTO,THIRUCHENDUR RTO,THIRUKALUKUNTRAM UO,THIRUMANGALAM UO,THIRUPATTUR RTO,THIRUR SRTO,THIRURANGADI SRTO,THIRUTHURAIPOONDI UO,THIRUTTANI UO,THIRUVALLA SRTO,THODUPUZHA SRTO,THOOTHUKUDI RTO,THOUBAL,THRIPRAYAR SRTO,THRISSUR RTO,THURAIYUR UO,TIKAMGARH DTO,TINDIVANAM RTO,TINSUKIA,TIPTUR ARTO,TIRUCHENGODE RTO,TIRUCHI RTO,TIRUCHI(EAST RTO,TIRUNELVELI RTO,TIRUPPUR (NORTH RTO,TIRUPPUR (SOUTH RTO,TIRUVALLUR RTO,TIRUVANNAMALAI RTO,TIRUVARUR RTO,TIRUVERANBUR UO,TOHANA,TONK DTO,TRANSPORT NAGAR RTO LUCKNOW (UP32),TRIPUNITHURA SRTO,TRIVANDRUM RTO,TUMKUR RTO,Tadepalli Gudem UO,Tadipatri UO,Tanuku UO,Tirupati RTA,UDAIPUR RTO,UDALGURI,UDGIR,UDHAM SINGH NAGAR ARTO,UDHAMPUR ARTO,UDUMALPET RTO,UDUMBANCHOLA SRTO,UDUPI RTO,UJJAIN RTO,ULUNDURPET RTO,UMARIA DTO,UNAKOTI DTO,UNIT OFFICE KATHIPUDI,USILAMPATTI UO,UTHAMAPALAYAM UO,UTTAR DINAJPUR RTO,UZHAVOOR SRTO,Unnao,VADAKARA RTO,VADIPATTI UO,VADODARA,VAIKOM SRTO,VAISHALI,VALAPPADI UO,VALLIYUR UO,VALSAD,VANDIPERIYAR SRTO,VANIYAMBADI RTO,VARANASI RTO,VARKALA SRTO,VASAI,VASANT VIHAR,VASCO RTO,VASHI (NEW MUMBAI),VEDACHANDUR UO,VELLARIKUNDU SRTO,VELLORE RTO,VERAVAL,VIDISHA DTO,VIKAS NAGAR ARTO,VILLIANUR,VILUPPURAM RTO,VIRUDHACHALAM UO,VIRUDHUNAGAR RTO,Vijayawada RTA,Vishakapatnam RTA,Vizianagaram RTA,Vuyyuru UO,WADAKKANCHERRY SRTO,WARDHA,WASHIM,WAYANAD RTO,WAZIRPUR,WEST SINGHBHUM (CHAIBASA),WEST TRIPURA JTC,YADGIRI RTO,YALAHANKA RTO,YANAM,YAWATMAL,Total
Adapted Vehicle,0,0,0,0,0,0,0,0,0,0,0,0,0,0,0,0,0,0,0,0,0,0,0,0,0,0,0,0,0,0,0,0,0,0,0,0,0,0,0,0,0,0,0,0,0,0,0,0,0,0,0,0,0,0,0,0,0,0,0,0,0,0,0,0,0,0,0,0,0,0,0,0,0,0,0,0,0,0,0,0,0,0,0,0,0,0,0,0,0,0,0,0,0,0,0,0,0,0,0,0,0,0,0,0,0,0,0,0,0,0,0,0,0,0,0,0,0,0,0,0,0,0,0,0,0,0,0,0,0,0,0,0,0,0,0,0,0,0,0,0,0,0,0,0,0,0,0,0,0,0,0,0,0,0,0,0,0,0,0,0,0,0,0,0,0,0,0,0,0,0,0,0,0,0,0,0,0,0,0,0,0,0,0,0,0,0,0,0,0,0,0,0,0,0,0,0,0,0,0,0,0,0,0,0,0,0,0,0,0,0,0,0,0,0,0,0,0,0,0,0,0,0,0,0,0,0,0,0,0,0,0,0,0,0,0,0,0,0,0,0,0,0,0,0,0,0,0,0,0,0,0,0,0,0,0,0,0,0,0,0,0,0,0,0,0,0,0,0,0,0,0,0,0,0,0,0,0,0,0,0,0,0,0,0,0,0,0,0,0,0,0,0,0,0,0,0,0,0,0,0,0,0,0,0,0,0,0,0,0,0,0,0,0,0,0,0,0,0,0,0,0,0,1,0,0,0,0,0,0,0,0,0,0,0,0,0,0,0,0,0,0,0,0,0,0,0,0,0,0,0,0,0,0,0,0,0,0,0,0,0,0,0,0,0,0,0,0,0,0,0,0,0,0,0,0,0,0,0,0,0,0,0,0,0,0,0,0,0,1,0,0,0,0,0,0,0,0,0,0,0,0,0,0,0,0,0,0,0,0,0,0,0,0,0,0,0,0,0,0,0,0,0,0,0,0,0,0,0,0,0,0,0,0,0,0,0,0,0,0,0,0,0,0,0,0,0,0,0,0,0,0,0,0,0,0,0,0,0,0,0,0,0,0,0,0,0,0,0,0,0,0,0,0,0,0,0,0,0,0,0,0,0,0,0,0,0,0,0,0,0,0,0,0,0,0,0,0,0,0,0,0,0,0,0,0,0,0,0,0,0,0,0,0,0,0,0,0,0,0,0,0,0,0,0,0,0,0,0,0,0,0,0,0,0,0,0,0,0,0,0,0,0,0,0,0,0,0,0,0,0,0,0,0,0,0,0,0,0,0,0,0,0,0,0,0,0,0,0,0,0,0,0,0,0,0,0,0,0,0,0,0,0,0,0,0,0,0,0,0,0,0,0,0,0,0,0,0,0,0,0,0,0,0,0,0,0,0,0,0,0,0,0,0,0,0,0,0,0,0,0,0,0,0,0,0,0,0,0,0,0,0,0,0,0,0,0,0,0,0,0,0,0,0,0,0,0,0,0,0,0,0,0,0,0,0,0,0,0,0,0,0,0,0,0,0,0,0,0,0,0,0,0,0,0,0,0,0,0,0,0,0,0,0,0,0,0,0,0,0,0,0,0,0,0,0,0,0,0,0,0,0,0,0,0,0,0,0,0,0,0,0,0,0,0,0,0,0,0,0,0,0,0,0,0,0,0,0,0,0,0,0,0,0,0,0,0,0,0,0,0,0,0,0,0,0,0,0,0,0,0,0,0,0,0,0,0,0,0,0,0,0,0,0,0,0,0,0,0,0,0,0,0,0,0,0,0,0,0,0,0,0,0,0,0,0,0,0,0,0,0,0,0,0,0,0,0,0,0,0,0,0,0,0,0,0,0,0,0,0,0,0,0,0,0,0,0,0,0,0,0,0,0,0,0,0,0,0,0,0,0,0,0,0,0,0,0,0,0,0,0,0,0,0,0,0,0,0,0,0,0,0,0,0,0,0,0,0,0,0,0,0,0,0,0,0,0,0,0,0,0,0,0,0,0,0,0,0,0,0,0,0,0,0,0,0,0,0,0,0,0,0,0,0,0,0,0,0,0,0,0,0,0,0,0,0,0,0,0,0,0,0,0,0,0,0,0,0,0,0,0,0,0,0,0,0,0,0,0,0,0,0,0,0,0,0,0,0,0,0,0,0,0,0,0,0,0,0,0,0,0,0,0,0,0,0,0,0,0,0,0,0,0,0,0,0,0,0,0,0,0,0,0,0,0,0,0,0,0,2
Agricultural Tractor,0,0,0,0,0,0,0,0,0,0,0,0,0,0,0,0,0,0,0,0,0,0,0,0,0,0,0,0,0,0,0,0,0,0,0,0,0,0,0,0,0,0,0,0,0,0,0,0,0,0,0,0,0,0,0,0,0,0,0,0,0,0,0,0,0,0,0,0,0,0,0,0,0,0,0,0,0,0,0,0,0,0,0,0,0,0,0,0,0,0,0,0,0,0,0,0,0,0,0,0,0,0,0,0,0,0,0,0,0,0,0,0,0,0,0,0,0,0,0,0,0,0,0,0,0,0,0,0,0,0,0,0,0,0,0,0,0,0,0,0,0,0,0,0,0,0,0,0,0,0,0,0,0,0,0,0,0,0,0,0,0,0,0,0,0,0,0,0,0,0,0,0,0,0,0,0,0,0,0,0,0,0,0,0,0,0,0,0,0,0,0,0,0,0,0,0,0,0,0,0,0,0,0,0,0,0,0,0,0,0,0,0,0,0,0,0,0,0,0,0,0,0,0,0,0,0,0,0,0,0,0,0,0,0,0,0,0,0,0,0,0,0,0,0,0,0,0,0,0,0,0,0,0,0,0,0,0,0,0,0,0,0,0,0,0,0,0,0,0,0,0,0,0,0,0,0,0,0,0,0,0,0,0,0,0,0,0,0,0,0,0,0,0,0,0,0,0,0,0,0,0,0,0,0,0,0,0,0,0,0,0,0,0,0,0,0,0,0,0,0,0,0,0,0,0,0,0,0,0,0,0,0,0,0,0,0,0,0,0,0,0,0,0,0,0,0,0,0,0,0,0,0,0,0,0,0,0,0,0,0,0,0,0,0,0,0,0,0,0,0,0,0,0,0,0,0,0,0,0,0,0,0,0,0,0,0,0,0,0,0,0,0,0,0,0,0,0,0,0,0,0,0,0,0,0,0,0,0,0,0,0,0,0,0,0,0,0,0,0,0,0,0,0,0,0,0,0,0,0,0,0,0,0,0,0,0,0,0,0,0,0,0,0,0,0,0,0,0,0,0,0,0,0,0,0,0,0,0,0,0,0,0,0,0,0,0,0,0,0,0,0,0,0,0,0,0,0,0,0,0,0,0,0,0,0,0,0,0,0,0,0,0,0,0,0,0,0,0,0,0,0,0,0,0,0,0,0,0,0,0,0,0,0,0,0,0,0,0,0,0,0,0,0,0,0,0,0,0,0,0,0,0,0,0,0,0,0,0,0,0,0,0,0,0,0,0,0,0,0,0,0,0,0,0,0,0,0,0,0,0,0,0,0,0,0,0,0,0,0,0,0,0,0,0,0,0,0,0,0,0,0,0,0,0,0,0,0,0,0,0,0,0,0,0,0,0,0,0,0,0,0,0,0,0,0,0,0,0,0,0,0,0,0,0,0,0,0,0,0,0,0,0,0,0,0,0,0,0,0,0,0,0,0,0,0,0,0,0,0,0,0,0,0,0,0,0,0,0,0,0,0,0,0,0,0,0,0,0,0,0,0,0,0,0,0,0,0,0,0,0,0,0,0,0,0,0,0,0,0,0,0,0,0,0,0,0,0,0,0,0,0,0,0,0,0,0,0,0,0,0,0,0,0,0,0,0,0,0,0,0,0,0,0,0,0,0,0,0,0,0,0,0,0,0,0,0,0,0,0,0,0,0,0,0,0,0,0,0,0,0,0,1,0,0,0,0,0,0,0,0,0,0,0,0,0,0,0,0,0,0,0,0,0,0,0,0,0,0,0,0,0,0,0,0,0,0,0,0,0,0,0,0,0,0,0,0,0,0,0,0,0,0,0,0,0,0,0,0,0,0,0,0,0,0,0,0,0,0,0,0,0,0,0,0,0,0,0,0,0,0,0,0,0,0,0,0,0,0,0,0,0,0,0,0,0,0,0,0,0,0,0,0,0,0,0,0,0,0,0,0,0,0,0,0,0,0,0,0,0,0,0,0,0,0,0,0,0,0,0,0,0,0,0,0,0,0,0,0,0,0,0,0,0,0,0,0,0,0,0,0,0,0,0,0,0,0,0,0,0,0,0,0,0,0,0,0,0,0,0,0,0,0,0,0,0,0,0,0,0,0,0,0,0,0,0,0,0,0,0,0,0,0,0,0,0,0,0,0,0,0,0,0,0,0,0,0,0,0,0,0,0,0,0,0,0,0,0,0,0,0,0,0,0,0,0,0,0,0,0,0,0,0,0,0,0,0,0,0,1
Bus,0,0,0,4,0,0,0,0,0,0,0,0,0,0,0,0,0,0,0,0,0,0,0,0,0,0,0,0,0,0,0,0,0,0,0,0,0,0,0,0,0,0,0,0,0,0,0,0,0,0,0,0,0,0,0,0,0,0,0,0,0,0,0,0,0,0,0,0,0,0,0,0,0,0,0,0,0,0,0,0,0,0,0,0,0,0,0,0,0,0,0,0,0,0,0,0,0,0,0,0,0,0,0,0,0,0,0,0,0,0,0,0,0,0,0,0,0,0,0,0,0,0,0,0,0,0,0,0,0,0,0,0,0,0,0,0,0,0,0,0,0,0,0,0,0,0,0,0,0,0,0,0,0,0,0,0,0,0,0,0,0,0,0,0,0,0,0,0,0,0,0,0,0,0,0,0,0,0,0,0,0,0,0,0,0,0,0,0,0,0,0,0,0,0,0,0,0,0,0,0,0,0,0,0,0,0,0,0,0,0,0,0,0,0,0,0,0,0,0,0,0,0,0,0,0,0,0,0,0,0,0,0,0,0,0,0,0,0,0,0,0,0,0,0,0,0,0,0,0,0,0,0,0,0,0,0,0,0,0,0,0,0,0,0,0,0,0,0,0,0,0,0,0,0,0,0,0,0,0,0,0,0,0,0,0,0,0,0,0,0,0,0,0,0,0,0,0,0,0,0,0,0,0,0,0,0,0,0,0,0,0,0,0,0,0,0,0,0,0,0,0,0,0,0,0,0,0,0,0,0,0,0,0,0,0,0,0,0,0,0,0,0,0,0,0,0,0,0,0,0,0,0,0,0,0,0,0,0,0,0,0,0,0,0,0,0,0,0,0,0,0,0,0,0,0,0,0,0,0,0,0,0,0,0,0,0,0,0,0,0,0,0,0,0,0,0,0,0,0,0,0,0,0,0,0,0,0,0,0,0,0,0,0,0,0,0,0,0,0,0,0,0,0,0,0,0,0,0,0,0,0,0,0,0,0,0,0,0,0,0,0,0,0,0,0,0,0,0,0,0,0,0,0,0,0,0,0,0,0,0,0,0,0,0,0,0,0,0,0,0,0,0,0,0,0,0,0,0,0,0,0,0,0,0,0,0,0,0,0,0,0,0,0,0,0,0,0,0,0,0,0,0,0,0,0,0,0,0,0,0,0,0,0,0,0,0,0,0,41,0,0,0,0,0,0,0,0,0,0,0,0,0,0,0,0,0,0,0,0,0,0,0,0,0,0,1,0,0,0,0,0,0,0,0,0,0,0,0,0,0,0,0,0,0,0,0,0,0,0,0,0,0,0,0,0,0,0,0,0,0,0,0,0,0,0,0,0,0,0,0,0,0,0,0,0,0,0,0,0,0,0,0,0,0,0,0,0,0,0,0,0,0,0,0,0,0,0,0,0,0,0,0,0,0,0,0,0,0,0,0,0,0,0,0,32,0,0,0,0,0,0,0,0,0,0,0,0,0,0,0,0,0,0,0,0,0,0,0,0,0,0,0,0,0,0,0,0,0,0,0,0,0,0,0,0,0,0,0,0,0,0,0,0,0,0,0,0,0,0,0,0,0,0,0,0,0,0,0,0,0,0,0,0,0,0,0,0,0,0,0,0,0,0,0,0,0,0,0,0,0,0,0,0,0,2,0,0,0,0,0,0,0,0,0,0,0,0,0,0,0,0,0,0,0,0,0,0,0,0,0,0,0,0,0,0,0,0,0,0,0,0,0,0,0,0,0,0,0,0,0,0,0,0,0,0,0,0,0,0,0,0,0,0,0,0,0,0,0,0,0,0,0,0,0,0,0,0,0,0,0,0,0,0,0,0,0,0,0,0,0,0,0,0,0,0,0,0,0,0,0,0,0,0,0,0,0,0,0,0,0,0,0,0,0,0,0,0,0,0,0,0,0,0,0,0,0,0,0,0,0,0,0,0,0,0,0,0,0,4,0,0,0,0,0,0,0,0,0,0,0,0,0,0,0,0,0,0,0,0,0,0,0,0,0,0,0,0,0,0,0,0,0,0,0,0,0,0,0,0,0,0,0,0,0,0,0,0,0,0,0,0,0,0,0,0,0,0,0,0,0,0,0,0,0,0,0,0,0,0,0,0,0,0,0,0,0,0,0,0,0,0,0,0,0,0,0,0,0,0,0,0,0,0,0,0,0,0,0,0,0,0,0,0,0,0,0,0,0,0,0,0,0,0,0,0,0,0,0,84
Construction Equipment Vehicle,0,0,0,0,0,0,0,0,0,0,0,0,0,0,0,0,0,0,0,0,0,0,0,0,0,0,0,0,0,0,0,0,0,0,0,0,0,0,0,0,0,0,0,0,0,0,0,0,0,0,0,0,0,0,0,0,0,0,0,0,0,0,0,0,0,0,0,0,0,0,0,0,0,0,0,0,0,0,0,0,0,0,0,0,0,0,0,0,0,0,0,0,0,0,0,0,0,0,0,0,0,0,0,0,0,0,0,0,0,0,0,0,0,0,0,0,0,0,0,0,0,0,0,0,0,0,0,0,0,0,0,0,0,0,0,0,0,0,0,0,0,0,0,0,0,0,0,0,0,0,0,0,0,0,0,0,0,0,0,0,0,0,0,0,0,0,0,0,0,0,0,0,0,0,0,0,0,0,0,0,0,0,0,0,0,0,0,0,0,0,0,0,0,0,0,0,0,0,0,0,0,0,0,0,0,0,0,0,0,0,0,0,0,0,0,0,0,0,0,0,0,0,0,0,0,0,0,0,0,0,0,0,0,0,0,0,0,0,0,0,0,0,0,0,0,0,0,0,0,0,0,0,0,0,0,0,0,0,0,0,0,0,0,0,0,0,0,0,0,0,0,0,0,0,0,0,0,0,0,0,0,0,0,0,0,0,0,0,0,0,0,0,0,0,0,0,0,0,0,0,0,0,0,0,0,0,0,0,0,0,0,0,0,0,0,0,0,0,0,0,0,0,0,0,0,0,0,0,0,0,0,0,0,0,0,0,0,0,0,0,0,0,0,0,0,0,0,0,0,0,0,0,0,0,0,0,0,0,0,0,0,0,0,0,0,0,0,0,0,0,0,0,0,0,0,0,0,0,0,0,0,0,0,0,0,0,0,0,0,0,0,0,0,0,0,0,0,0,0,0,0,0,0,0,0,0,0,0,0,0,0,0,0,0,0,0,0,0,0,0,0,0,0,0,0,0,0,0,0,0,0,0,0,0,0,0,0,0,0,0,0,0,0,0,0,0,0,0,0,0,0,0,0,0,0,0,0,0,0,0,0,0,0,0,0,0,0,0,0,0,0,0,0,0,0,0,0,0,0,0,0,0,0,0,0,0,0,0,0,0,0,0,0,0,0,0,0,0,0,0,0,0,0,0,0,0,0,0,0,0,0,0,0,0,0,0,0,0,0,0,0,0,0,0,0,0,0,0,0,0,0,0,0,0,0,0,0,0,0,0,0,0,0,0,0,0,0,0,0,0,0,0,0,0,0,0,0,0,0,0,0,0,0,0,0,0,0,0,0,0,0,0,0,0,0,0,0,0,0,0,0,0,0,0,0,0,0,0,0,0,0,0,0,0,0,0,0,0,0,0,0,0,0,0,0,0,0,0,0,0,0,0,0,0,0,0,0,0,0,0,0,0,0,0,0,0,0,0,0,0,0,0,0,0,0,0,0,0,0,0,0,0,0,0,0,0,0,0,0,0,0,0,0,0,0,0,0,0,0,0,0,0,0,0,0,0,0,0,0,0,0,0,0,0,0,0,0,0,0,0,0,0,0,0,0,0,0,0,0,0,0,0,0,0,0,0,0,0,0,0,0,0,0,0,0,0,0,0,0,0,0,0,0,0,0,0,0,0,0,0,0,0,0,0,0,0,0,0,0,0,0,0,0,0,0,0,0,0,0,0,0,0,0,0,0,0,0,0,0,0,0,0,0,0,0,0,0,0,0,0,0,0,0,0,0,0,0,0,0,0,0,0,0,0,0,0,0,0,0,0,0,0,0,0,0,0,0,0,0,0,0,0,0,0,0,0,0,0,0,0,0,0,0,0,0,0,0,0,0,0,0,0,0,0,0,0,0,0,0,0,0,0,0,0,0,0,0,0,0,0,0,0,0,0,0,0,0,0,0,0,0,0,0,0,0,0,0,0,0,0,0,0,0,0,0,0,0,0,0,0,0,0,0,0,0,0,0,0,0,0,0,0,0,0,0,0,0,0,0,0,0,0,0,0,0,0,0,0,0,0,0,0,0,0,0,0,0,0,0,0,0,0,0,0,0,0,0,0,0,0,0,0,0,0,0,0,0,0,0,0,0,0,0,0,0,0,0,0,0,0,0,0,0,0,0,0,0,0,0,1,0,0,0,0,0,0,0,0,0,0,0,0,0,0,0,0,0,0,0,0,0,0,0,0,0,0,0,0,0,0,0,0,0,0,0,0,0,0,1
Earth Moving Equipment,0,0,0,0,0,0,0,0,0,0,0,0,0,0,0,0,0,0,0,0,0,0,0,0,0,0,0,0,0,0,0,0,0,0,0,0,0,0,0,0,0,0,0,0,0,0,0,0,0,0,0,0,0,0,0,0,0,0,0,0,0,0,0,0,0,0,0,0,0,0,0,0,0,0,0,0,0,0,0,0,0,0,0,0,0,0,0,0,0,0,0,0,0,0,0,0,0,0,0,0,0,0,0,0,0,0,0,0,0,0,0,0,0,0,0,0,0,0,0,0,0,0,0,0,0,0,0,0,0,0,0,0,0,0,0,0,0,0,0,0,0,0,0,0,0,0,0,0,0,0,0,0,0,0,0,0,0,0,0,0,0,0,0,0,0,0,0,0,0,0,0,0,0,0,0,0,0,0,0,0,0,0,0,0,0,0,0,0,0,0,0,0,0,0,0,0,0,0,0,0,0,0,0,0,0,0,0,0,0,0,0,0,0,0,0,0,0,0,0,0,0,0,0,0,0,0,0,0,0,0,0,0,0,0,0,0,0,0,0,0,0,0,0,0,0,0,0,0,0,0,0,0,0,0,0,0,0,0,0,0,0,0,0,0,0,0,0,0,0,0,0,0,0,0,0,0,0,0,0,0,0,0,0,0,0,0,0,0,0,0,0,0,0,0,0,0,0,0,0,0,0,0,0,0,0,0,0,0,0,0,0,0,0,0,0,0,0,0,0,0,0,0,0,0,0,0,0,0,0,0,0,0,0,0,0,0,0,0,0,0,0,0,0,0,0,0,0,0,0,0,0,0,0,0,0,0,0,0,0,0,0,0,0,0,0,0,0,0,0,0,0,0,0,0,0,0,0,0,0,0,0,0,0,0,0,0,0,0,0,0,0,0,0,0,0,0,0,0,0,0,0,0,0,0,0,0,0,0,0,0,0,0,0,0,0,0,0,0,0,0,0,0,0,0,0,0,0,0,0,0,0,0,0,0,0,0,0,0,0,0,0,0,0,0,0,0,0,0,0,0,0,0,0,0,0,0,0,0,0,0,0,0,0,0,0,0,0,0,0,0,0,0,0,0,0,0,0,0,0,0,0,0,0,0,0,0,0,0,0,0,0,0,0,0,0,0,0,0,0,0,0,0,0,0,0,0,0,0,0,0,0,0,0,0,0,0,0,0,0,0,0,0,0,0,0,0,0,0,0,0,0,0,0,0,0,0,0,0,0,0,0,0,0,0,0,0,0,0,0,0,0,0,0,0,0,0,0,0,0,0,0,0,0,0,0,0,0,0,0,0,0,0,0,0,0,0,0,0,0,0,0,0,0,0,0,0,0,0,0,0,0,0,0,0,0,0,0,0,0,0,0,0,0,0,0,0,0,0,0,0,0,0,0,0,0,0,0,0,0,0,0,0,0,0,0,0,0,0,0,0,0,0,0,0,0,0,0,0,0,0,0,0,0,0,0,0,0,0,0,0,0,0,0,0,0,0,0,0,0,0,0,0,0,0,0,0,0,0,0,0,0,0,0,0,0,0,0,0,0,0,0,0,0,0,0,0,0,0,1,0,0,0,0,0,0,0,0,0,0,0,0,0,0,0,0,0,0,0,0,0,0,0,0,0,0,0,0,0,0,0,0,0,0,0,0,0,0,0,0,0,0,0,0,0,0,0,0,0,0,0,0,0,0,0,0,0,0,0,0,0,0,0,0,0,0,0,0,0,0,0,0,0,0,0,0,0,0,0,0,0,0,0,0,0,0,0,0,0,0,0,0,0,0,0,0,0,0,0,0,0,0,0,0,0,0,0,0,0,0,0,0,0,0,0,0,0,0,0,0,0,0,0,0,0,0,0,0,0,0,0,0,0,0,0,0,0,0,0,0,0,0,0,0,0,0,0,0,0,0,0,0,0,0,0,0,0,0,0,0,0,0,0,0,0,0,0,0,0,0,0,0,0,0,0,0,0,0,0,0,0,0,0,0,0,0,0,0,0,0,0,0,0,0,0,0,0,0,0,0,0,0,0,0,0,0,0,0,0,0,0,0,0,0,0,0,0,0,0,0,0,0,0,0,0,0,0,0,0,0,0,0,0,0,0,0,0,0,0,0,0,0,0,0,0,0,0,0,0,0,0,0,0,0,0,0,0,0,0,0,0,0,0,0,0,0,0,0,0,0,0,0,0,0,0,0,0,0,0,0,0,0,0,0,0,0,0,0,0,1
Fork Lift,0,0,0,0,0,0,0,0,0,0,0,0,0,0,0,0,0,0,0,0,0,0,0,0,0,0,0,0,0,0,0,0,0,0,0,0,0,0,0,0,0,0,0,0,0,0,0,0,0,0,0,0,0,0,0,0,0,0,0,0,0,0,0,0,0,0,0,0,0,0,0,0,0,0,0,0,0,0,0,0,0,0,0,0,0,0,0,0,0,0,0,0,0,0,0,0,0,0,0,0,0,0,0,0,0,0,0,0,0,17,0,0,0,0,0,0,0,0,0,0,0,0,0,0,0,0,0,0,0,0,0,0,0,0,0,0,0,0,0,0,0,0,0,0,0,0,0,0,0,0,0,0,0,0,0,0,0,0,0,0,0,0,0,0,0,0,0,0,0,0,0,0,0,0,0,0,0,0,0,0,0,0,0,0,0,0,0,0,0,0,0,0,0,0,0,0,0,0,0,0,0,0,0,0,0,0,0,0,0,1,0,0,0,0,0,0,0,0,0,0,0,0,0,0,0,0,0,0,0,0,0,0,0,0,0,0,0,0,0,0,0,0,0,0,0,0,0,0,0,0,0,0,0,0,0,0,0,0,0,0,0,0,0,0,0,0,0,0,0,0,0,0,0,0,0,0,0,0,0,0,0,0,0,0,0,0,0,0,0,0,0,0,0,0,0,0,0,0,0,0,0,0,0,0,0,0,0,0,0,0,0,0,0,0,0,0,0,0,0,0,0,0,0,0,0,0,0,0,0,0,0,0,0,0,0,0,0,0,0,0,0,0,0,0,0,0,0,0,0,0,0,0,0,0,0,0,0,0,0,0,0,0,0,0,0,0,0,0,0,0,0,0,0,0,0,0,0,0,0,0,0,0,0,0,0,0,0,0,0,0,0,0,0,0,0,0,0,0,0,0,0,0,0,0,0,0,0,0,0,0,0,0,0,0,0,0,0,0,0,0,0,0,0,0,0,0,0,0,0,0,0,0,0,0,0,0,0,0,0,0,0,0,0,0,0,0,0,0,0,0,0,0,0,0,0,0,0,0,0,0,0,0,0,0,0,0,0,0,0,0,0,0,0,0,0,0,0,0,0,0,0,0,0,0,0,0,0,0,0,0,0,0,0,0,0,0,0,0,0,0,0,0,0,0,0,0,0,0,0,0,0,0,0,0,0,0,0,0,0,0,0,0,0,0,0,0,0,0,0,0,0,0,0,0,0,0,0,0,0,0,0,0,0,0,0,0,0,0,0,0,0,0,0,0,0,0,0,0,0,0,0,0,0,0,0,0,0,0,0,0,0,0,0,0,0,0,0,0,0,0,0,0,0,0,0,0,0,0,0,0,0,0,0,0,0,0,0,0,0,0,0,0,0,0,0,0,0,0,0,0,0,0,0,0,0,0,0,0,0,0,0,0,0,0,0,0,0,0,0,0,0,0,0,0,0,0,0,0,0,0,0,0,0,0,0,0,0,0,0,0,0,0,0,0,0,0,0,0,0,0,0,0,0,0,0,0,0,0,0,0,0,0,0,0,0,0,0,0,0,0,0,0,0,0,0,0,0,0,0,0,0,0,0,0,0,0,0,0,0,0,0,0,0,0,0,0,0,0,0,0,0,0,0,0,0,0,0,0,0,0,0,0,0,0,0,0,0,0,0,0,0,0,0,0,0,0,0,0,0,0,0,0,0,0,0,0,0,0,0,0,0,0,0,0,0,0,0,0,0,0,0,0,0,0,0,0,0,0,0,0,0,0,0,0,0,0,0,0,0,0,0,0,0,0,0,0,0,0,0,0,0,0,0,0,0,0,0,0,0,0,0,0,0,0,0,0,0,0,0,0,0,0,0,0,0,0,0,0,0,0,0,0,0,0,0,0,0,0,0,0,0,0,0,0,0,0,0,0,0,0,0,0,0,0,0,0,0,0,0,0,0,0,0,0,0,0,0,0,0,0,0,0,0,0,0,0,0,0,0,0,0,0,0,0,0,0,0,0,0,0,0,0,0,0,0,0,0,0,0,0,0,0,0,0,0,0,0,0,0,0,0,0,0,0,0,0,0,0,0,0,0,0,0,0,0,0,0,0,0,0,0,0,0,0,0,0,0,0,0,0,0,0,0,0,0,0,0,0,0,0,0,0,0,0,0,0,0,0,0,0,0,0,3,0,0,0,0,0,0,0,0,0,0,0,0,0,0,0,0,0,0,0,0,0,0,0,0,0,21
Goods Carrier,0,0,0,0,0,0,0,0,0,0,0,0,0,0,0,0,0,0,0,0,0,0,0,0,0,0,0,0,0,0,0,0,0,0,0,0,0,0,0,0,0,0,0,0,0,0,0,0,0,0,0,0,0,0,0,0,0,0,0,0,0,0,0,0,0,0,0,0,0,0,0,0,0,0,0,0,0,0,0,0,0,0,0,0,0,0,0,0,0,0,0,0,0,0,0,0,1,0,0,0,0,0,0,0,0,0,0,0,0,0,0,0,0,0,0,0,0,0,0,0,0,0,0,0,0,0,0,0,0,0,0,0,0,0,0,0,0,0,0,0,0,0,0,0,0,0,0,0,0,0,0,0,0,0,0,0,0,0,0,0,0,0,0,0,0,0,0,0,0,0,0,0,0,0,0,0,0,0,0,0,0,0,0,0,0,0,0,0,0,0,0,0,0,0,0,0,0,0,0,0,0,0,0,0,0,0,0,0,0,0,0,0,0,0,0,0,0,0,0,0,0,0,0,0,0,0,0,0,0,1,0,0,0,0,0,0,0,0,0,0,0,0,0,0,0,0,0,0,0,0,0,0,0,0,0,0,0,0,0,0,0,0,0,0,0,0,0,0,0,0,0,0,0,1,0,0,0,0,0,0,0,0,0,0,0,0,0,0,0,0,0,0,0,0,0,0,0,0,0,0,0,0,0,0,0,0,0,0,0,0,0,0,0,0,0,0,0,0,0,0,0,0,0,0,0,0,0,0,0,0,0,0,0,0,0,0,0,0,0,0,0,0,0,0,0,0,0,0,0,0,0,0,0,0,0,0,0,0,0,0,0,0,0,0,0,0,0,0,0,0,0,0,0,0,0,0,0,0,0,0,0,0,0,0,0,0,0,0,0,0,0,0,0,0,0,0,0,0,0,0,0,0,0,0,0,0,0,0,0,0,0,0,0,0,0,0,0,0,0,0,0,0,0,0,0,0,0,0,0,0,0,0,0,0,0,0,0,0,0,0,0,0,0,0,0,0,0,0,0,0,0,0,0,0,0,0,0,0,0,0,0,0,0,0,0,0,0,0,0,0,0,0,0,0,0,0,0,0,0,0,0,0,0,0,0,0,0,0,0,0,0,0,0,0,0,0,0,0,0,0,0,0,0,0,0,0,3,0,0,0,0,0,0,0,0,0,0,0,0,0,1,0,0,0,0,0,0,0,0,0,0,0,0,0,0,0,0,0,0,0,0,0,0,0,0,0,0,0,0,0,0,0,0,0,0,0,0,0,0,0,0,0,0,0,0,0,0,0,0,0,0,0,0,0,0,0,0,0,0,0,0,0,0,0,0,0,0,0,0,0,0,0,0,0,0,0,0,0,0,0,0,0,0,0,0,0,0,0,0,0,0,0,0,0,0,0,0,0,0,0,0,0,0,0,0,0,0,0,0,0,0,0,0,0,0,0,0,0,0,0,0,0,0,0,0,0,0,0,0,0,0,0,0,0,0,0,0,0,0,0,0,0,0,0,0,0,0,0,0,0,0,0,0,0,0,0,0,0,0,0,0,0,0,0,0,0,0,0,0,0,0,0,0,0,0,0,0,0,0,0,0,0,0,0,0,0,0,0,1,0,0,0,0,0,0,0,0,0,0,0,0,0,0,0,0,0,0,0,0,0,0,0,0,0,0,0,0,0,1,0,0,0,0,0,0,0,0,0,0,0,0,1,0,0,0,0,1,0,0,0,0,0,0,0,0,0,0,0,0,0,0,0,0,0,0,0,0,0,0,0,0,0,0,0,0,0,0,0,0,0,0,0,0,0,0,0,0,0,0,0,0,0,0,0,0,0,0,0,0,0,0,0,0,0,0,0,0,0,0,0,0,0,0,0,0,0,0,0,0,0,0,0,0,0,0,0,0,0,0,0,0,0,0,0,0,0,0,0,0,0,0,0,0,0,0,0,0,0,0,0,0,0,0,0,0,0,0,0,0,0,0,0,0,0,0,0,0,0,0,0,0,0,0,0,0,0,0,0,0,0,0,0,0,0,0,0,0,0,0,0,0,0,0,0,0,0,0,0,0,0,0,0,0,0,0,0,0,0,0,0,0,0,0,0,0,0,0,0,0,0,0,0,0,0,0,0,0,0,0,0,0,0,0,0,0,0,0,0,0,0,0,0,0,0,0,0,0,0,0,0,0,0,0,0,0,0,0,0,0,0,0,0,0,0,0,0,0,0,11
Luxury Cab,0,0,0,0,0,0,0,0,0,0,0,0,0,0,0,0,0,0,0,0,0,0,0,0,0,0,0,0,0,0,0,0,0,0,0,0,0,0,0,0,0,0,0,0,0,0,0,0,0,0,0,0,0,0,0,0,0,0,0,0,0,0,0,0,0,0,0,0,0,0,0,0,0,0,0,0,0,0,0,0,0,0,0,0,0,0,0,0,0,0,0,0,0,0,0,0,0,0,0,0,0,0,0,0,0,0,0,0,0,0,0,0,0,0,0,0,0,0,0,0,0,0,0,0,0,0,0,0,0,0,0,0,0,0,0,0,0,0,0,0,0,0,0,0,0,0,0,0,0,0,0,0,0,0,0,0,0,0,0,0,0,0,0,0,0,0,0,0,0,0,0,0,0,0,0,0,0,0,0,0,0,0,0,0,0,0,0,0,0,0,0,0,0,0,0,0,0,0,0,0,0,0,0,0,0,0,0,0,0,0,0,0,0,0,0,0,0,0,0,0,0,0,0,0,0,0,0,0,0,0,0,0,0,0,0,0,0,0,0,0,0,0,0,0,0,0,0,0,0,0,0,0,0,0,0,0,0,0,0,0,0,0,0,0,0,0,0,0,0,0,0,0,0,0,0,0,0,0,0,0,0,0,0,0,0,0,0,0,0,0,0,0,0,0,0,0,0,0,0,0,0,0,0,0,0,0,0,0,0,0,0,0,0,0,0,0,0,0,0,0,0,0,0,0,0,0,0,0,0,0,0,0,0,0,0,0,0,0,0,0,0,0,0,0,0,0,0,0,0,0,0,0,0,0,0,0,0,0,0,0,0,0,0,0,0,0,0,0,0,0,0,0,0,0,0,0,0,0,0,0,0,0,0,0,0,0,0,0,0,0,0,0,0,0,0,0,0,0,2,0,0,0,0,0,0,0,0,0,0,0,0,0,0,0,1,0,0,0,0,0,0,0,0,0,0,0,0,0,0,0,0,0,0,0,0,0,0,0,0,0,0,0,0,0,0,0,0,0,0,0,0,0,0,0,0,0,0,0,0,0,0,0,0,0,0,0,0,0,0,0,0,0,0,0,0,0,0,0,0,0,0,0,0,0,0,0,0,0,0,0,0,0,0,0,0,0,0,0,0,0,0,0,0,0,0,0,0,0,0,0,0,0,0,0,0,0,0,0,0,0,0,0,0,0,0,0,0,0,0,0,0,0,0,0,0,0,0,0,0,0,0,0,0,0,0,0,0,0,0,0,0,0,0,0,0,0,0,0,0,0,0,0,0,0,0,0,0,0,0,0,0,0,0,0,0,0,0,0,0,0,0,0,0,0,0,0,0,0,0,0,0,0,0,0,0,0,0,0,0,0,0,0,0,0,0,0,0,0,0,0,0,0,0,0,0,0,0,0,0,0,0,0,0,0,0,0,0,0,0,0,0,0,0,0,0,0,0,0,0,0,5,0,0,0,0,0,0,0,0,0,0,0,0,0,0,0,0,0,0,0,0,0,0,0,0,0,0,0,0,0,0,0,0,0,0,0,0,0,0,0,0,0,0,0,0,0,0,0,0,0,0,0,0,0,0,0,0,0,0,0,0,0,0,0,0,0,0,0,0,0,0,0,0,0,0,0,0,0,0,0,0,0,0,0,0,0,0,0,0,0,0,0,0,0,0,0,0,0,0,0,0,0,0,0,0,0,0,0,0,0,0,0,0,0,0,0,0,0,0,0,0,0,0,0,0,0,0,0,0,0,0,0,0,0,0,0,0,6,0,0,0,0,0,0,0,0,0,0,0,0,0,0,0,0,0,0,0,0,0,0,0,0,0,0,0,0,0,0,0,0,0,0,0,0,0,0,0,0,0,0,0,0,0,0,0,0,0,0,0,0,0,0,0,0,0,0,0,0,0,0,0,0,0,0,0,0,0,0,0,0,0,0,0,0,0,0,0,0,0,0,0,0,0,0,0,0,0,0,0,0,0,0,0,0,0,0,0,0,0,0,0,0,0,0,0,0,0,0,0,0,0,0,0,0,0,0,0,0,0,0,0,0,0,0,0,0,0,0,0,0,0,0,0,0,0,0,0,0,0,0,0,0,0,0,0,0,0,0,0,0,0,0,0,0,0,0,0,0,0,0,0,0,0,0,0,0,0,0,0,0,0,0,0,0,0,0,0,0,0,0,0,0,0,0,0,0,0,0,0,0,0,0,0,0,0,0,0,0,14
M-Cycle/Scooter,0,5,4,155,63,1,114,26,21,6,1,2,1,30,6,0,1,1,2,78,2,1,95,37,29,43,1,5,6,6,24,1,5,5,0,3,0,19,1,1,7,1,5,2,12,7,0,8,4,2,75,9,6,135,4,13,17,13,0,14,1,7,2,25,21,13,3,2,0,0,0,4,91,0,54,19,1,0,3,45,1,14,3,1,1,6,0,1,15,7,25,22,1,4,7,278,450,309,728,460,0,53,0,7,0,0,1,16,6,4,13,7,11,0,16,6,71,3,137,43,109,11,6,1,0,0,0,0,2,1,0,1,123,24,0,3,2,0,4,1,4,32,0,3,1,3,4,68,1,13,64,45,8,5,1,4,6,8,0,64,11,31,3,3,0,2,2,0,68,90,59,103,33,142,50,85,160,2,1,38,155,26,1,8,7,84,38,1,1,62,116,3,9,4,7,28,33,44,24,0,9,28,15,6,0,30,16,1,2,2,1,10,8,0,19,19,39,0,12,1,1,4,0,8,16,8,14,1,2,38,23,0,38,0,0,30,1,0,80,11,36,0,0,11,25,23,12,106,11,42,0,2,4,0,1626,1,9,7,11,1,4,19,2,21,2,13,8,1,1,0,20,47,27,27,11,24,1,0,2,9,0,0,7,0,6,3,13,7,0,0,2,18,10,10,20,29,7,5,23,46,1,22,0,1,2,3,2,37,6,1,131,8,36,6,4,0,134,4,1,9,90,3,11,2,20,0,112,1,17,0,0,190,3,5,1,36,3,0,2,348,18,5,9,135,9,1,6,0,6,5,3,52,3,0,7,2,4,2,29,24,16,1,70,24,3,6,2,25,13,7,4,18,0,67,3,18,1,79,2,11,0,34,18,5,0,1,8,59,108,0,3,0,3,2,0,27,6,5,0,0,0,0,24,3,0,0,3,0,9,6,28,1,2,3,0,0,0,2,2,0,0,60,0,3,5,3,1,30,135,3,1,5,3,6,3,2,29,4,2,1,0,7,33,14,32,251,0,11,23,12,69,1,0,26,1,1,3,1,45,2,9,2,0,4,0,8,0,6,0,7,12,5,18,0,23,29,27,11,0,0,3,30,0,39,19,2,0,30,52,31,235,81,23,4,4,8,7,94,1,42,3,0,2,0,0,68,106,19,8,6,5,22,2,8,8,0,0,1,49,215,177,11,0,26,5,13,35,47,6,7,0,9,9,7,24,26,10,6,106,0,5,77,63,16,9,13,28,0,52,64,21,5,2,3,0,3,42,1,155,1,14,16,4,2,13,9,7,10,0,0,1,3,2,21,9,75,65,4,2,9,0,12,36,0,13,0,0,1,8,10,9,7,5,4,1,6,11,0,5,18,12,95,5,19,1,0,14,2,3,6,0,139,3,14,2,16,22,3,12,2,2,12,0,44,28,6,10,330,2,0,4,23,9,1,1222,1,16,7,3,16,14,17,7,12,0,7,27,25,1,105,0,5,0,1,16,1,6,56,0,1,62,26,1,6,5,32,0,0,184,17,0,34,1,45,18,6,0,97,19,3,19,32,38,1,2,1,1,0,0,1,1,5,2,0,5,1,1,2,1,0,22,18,23,46,0,0,0,31,0,0,0,0,0,0,0,0,0,14,14,0,0,0,0,0,0,0,0,0,49,11,0,1,2,6,82,0,1,0,0,0,0,4,34,73,7,16,0,49,0,0,9,1001,4,7,128,24,1,9,56,15,2,6,20,2,1,4,2,4,13,33,0,0,6,3,21,6,27,2,1,39,0,16,157,11,1,17,0,0,20,16,1,1,0,1,3,0,0,1,1,11,0,1,1,27,4,0,0,1,4,1,1,1,3,4,35,17,0,4,10,5,0,0,19,61,92,1,61,3,1,39,1,1,24,3,1,37,0,14,3,4,0,2,46,0,0,0,10,10,101,1,40,6,13,1,14,6,0,46,14,5,1,2,2,7,0,42,7,4,1,113,0,20,3,2,3,4,79,1,15,13,12,6,10,69,24,25,3,32,1,2,134,0,1,1,9,0,27,1,146,102,26,15,12,29,15,54,34,13,17,1,273,95,2,11,87,61,0,24,92,102,0,2,14,2,5,0,103,29,20,1,1,2,1,7,3,1,0,4,1,24,0,17,1,15,5,0,21,78,0,54,11,3,23,27,0,55,14,36,0,12,25,12,19,35,54,12,3,5,4,1,0,801,0,3,18,76,0,2,24820
M-Cycle/Scooter-With Side Car,0,0,0,0,0,0,0,0,0,0,0,0,0,0,0,0,0,0,0,0,0,0,0,0,0,0,0,0,0,0,0,0,0,0,0,0,0,0,0,0,0,0,0,0,0,0,0,0,0,0,0,0,0,0,0,0,0,0,0,0,0,0,0,0,0,0,0,0,0,0,0,0,0,0,0,0,0,0,0,0,0,0,0,0,0,0,0,0,0,0,0,0,0,0,0,0,0,0,0,0,0,0,0,0,0,0,0,0,0,0,0,0,0,0,0,0,2,0,0,0,1,0,0,0,0,0,0,0,0,0,0,0,0,0,0,1,0,0,0,0,0,0,0,0,0,0,0,0,0,0,0,0,0,0,0,0,0,0,0,0,0,0,0,0,0,0,0,0,0,0,0,0,0,0,0,0,0,0,0,0,0,0,0,0,0,0,0,0,0,0,0,0,0,0,0,0,0,0,0,0,0,0,0,0,0,0,0,0,0,0,0,0,0,0,0,0,0,0,0,0,0,0,0,0,0,0,0,0,0,0,0,0,0,0,0,0,0,0,0,0,0,0,0,0,0,0,0,0,0,0,0,0,0,0,0,0,0,0,0,0,0,0,0,0,0,0,0,0,0,0,0,0,0,0,0,0,0,0,0,0,0,0,0,0,0,0,0,0,0,0,0,0,0,0,0,0,0,0,0,0,0,0,0,0,0,0,0,0,0,0,0,0,0,0,0,0,0,0,0,0,0,0,0,0,0,0,0,0,0,0,0,0,0,0,0,0,0,0,0,0,0,0,0,0,0,0,0,0,0,0,0,0,0,0,0,0,0,0,0,0,0,0,0,0,0,0,0,0,0,0,0,0,0,0,0,0,0,0,0,0,0,0,0,0,0,0,0,0,0,0,0,0,0,0,0,0,0,0,0,0,0,0,0,0,0,0,0,0,0,0,0,0,0,0,0,0,0,0,0,0,0,0,0,0,0,0,0,0,0,0,0,0,0,0,0,0,0,0,0,0,0,0,0,0,0,0,0,0,0,0,0,0,0,0,0,0,0,0,0,0,0,0,0,0,0,0,0,0,0,0,0,0,0,0,0,0,0,0,0,0,0,0,0,0,0,0,0,0,0,0,0,1,0,0,0,0,0,0,0,0,0,0,0,0,0,0,0,0,0,0,0,0,0,0,0,0,0,0,0,0,0,0,0,0,0,0,0,0,0,0,0,0,0,0,0,0,0,0,0,0,0,0,0,0,0,0,0,0,0,0,0,0,0,0,0,0,0,0,0,0,0,0,0,0,0,0,0,0,0,0,0,0,0,0,0,0,0,0,0,0,0,0,0,0,0,0,0,0,1,0,0,0,0,0,0,0,0,0,0,0,0,0,0,0,0,0,0,0,0,0,0,0,0,0,0,0,0,0,0,0,0,0,0,0,0,0,0,0,0,0,0,0,0,0,0,0,0,0,0,0,0,0,0,0,0,0,0,0,0,0,0,0,0,0,0,0,0,0,0,0,0,0,0,0,0,0,0,0,0,0,0,0,0,0,0,0,0,0,0,0,0,0,0,0,0,0,0,0,0,0,0,0,0,0,0,0,0,0,0,0,0,0,0,0,0,0,0,0,0,0,0,0,0,0,0,0,0,0,0,0,0,0,0,0,0,0,0,0,0,0,0,0,0,0,0,0,0,0,0,0,0,0,0,0,0,0,0,0,0,0,0,0,0,0,0,0,0,0,0,0,0,0,0,0,0,0,0,0,0,0,0,0,0,0,0,0,0,0,0,0,0,0,0,0,0,0,0,0,0,0,0,0,0,0,0,0,0,0,0,0,0,0,0,0,0,0,0,0,0,0,0,0,0,0,0,0,0,0,0,0,0,0,0,0,0,0,0,0,0,0,0,0,0,0,0,0,0,0,0,0,0,0,0,0,0,0,0,0,0,0,0,0,0,0,0,0,0,0,0,0,0,0,0,0,0,0,0,0,0,0,0,0,0,0,0,0,0,0,0,0,0,0,0,0,0,0,0,0,0,0,0,0,0,0,0,0,0,0,0,0,0,0,0,0,0,0,0,0,0,0,0,0,0,0,0,0,0,0,0,0,0,0,0,0,0,0,0,0,0,0,0,0,0,0,0,0,0,0,0,0,0,0,0,0,0,0,0,0,0,0,0,0,0,0,0,0,0,0,0,0,0,0,0,0,0,0,0,0,0,0,0,0,0,0,0,0,0,0,6
Maxi Cab,0,0,0,0,0,0,0,0,0,0,0,0,0,0,0,0,0,0,0,0,0,0,0,0,0,0,0,0,0,0,0,0,0,0,0,0,0,0,0,0,0,0,0,0,0,0,0,0,0,0,0,0,0,0,0,0,0,0,0,0,0,0,0,0,0,0,0,0,0,0,0,0,0,0,0,0,0,0,0,0,0,0,0,0,0,0,0,0,0,0,0,0,0,0,0,0,0,0,0,0,0,0,0,0,0,0,0,0,0,0,0,0,0,0,0,0,0,0,0,0,0,0,0,0,0,0,0,0,0,0,0,0,0,0,0,0,0,0,0,0,0,0,0,0,0,0,0,0,0,0,0,0,0,0,0,0,0,0,0,0,0,0,0,0,0,0,0,0,0,0,0,0,0,0,0,0,0,0,0,0,0,0,0,0,0,0,0,0,0,0,0,0,0,0,0,0,0,0,0,0,0,0,0,0,0,0,0,0,0,0,0,0,0,0,0,0,0,0,0,0,0,0,0,0,0,0,0,0,0,0,0,0,0,0,0,0,0,0,0,0,0,0,0,0,0,0,0,0,0,0,0,0,0,0,0,0,0,0,0,0,0,0,0,0,0,0,0,0,0,0,0,0,0,0,0,0,0,0,0,0,0,0,0,0,0,0,0,0,0,0,0,0,0,0,0,0,0,0,0,0,0,0,0,0,0,0,0,0,0,0,0,0,0,0,0,0,0,0,0,0,0,0,0,0,0,0,0,0,0,0,0,0,0,0,0,0,0,0,0,0,0,0,0,0,0,0,0,0,0,0,0,0,0,0,0,0,0,0,0,0,0,0,0,0,0,0,0,0,0,0,0,0,0,0,0,0,0,0,0,0,0,0,0,0,0,0,0,0,0,0,0,0,0,0,0,0,0,0,0,0,0,0,0,0,0,0,0,0,0,0,0,0,0,0,0,0,0,0,0,0,0,0,0,0,0,0,0,0,0,0,0,0,0,0,0,0,0,0,0,0,0,0,0,0,0,0,0,0,0,0,0,0,0,0,0,0,0,0,0,0,0,0,0,0,0,0,0,0,0,0,0,0,0,0,0,0,0,0,0,0,0,0,0,0,0,0,0,0,0,0,0,0,0,0,0,0,1,0,0,0,0,0,0,0,0,0,0,0,0,0,0,0,0,0,0,0,0,0,0,0,0,0,0,0,0,0,0,0,0,0,0,0,0,0,0,0,0,0,0,0,0,0,0,0,0,0,0,0,0,0,0,0,0,0,0,0,0,0,0,0,0,0,0,0,0,0,0,0,0,0,0,0,0,0,0,0,0,0,0,0,0,0,0,0,0,0,0,0,0,0,0,0,0,0,0,0,0,0,0,0,0,0,0,0,0,0,0,0,0,0,0,0,0,0,0,0,0,0,0,0,0,0,0,0,0,0,0,0,0,0,0,0,0,0,0,0,0,0,0,0,0,0,0,0,1,0,0,0,0,0,0,0,0,0,0,0,0,0,0,0,0,0,0,0,0,0,0,0,0,0,0,0,0,0,0,0,0,0,0,0,0,0,0,0,0,0,0,0,0,0,0,0,0,0,0,0,0,0,0,0,0,0,0,0,0,0,0,0,0,0,0,0,0,0,0,0,0,0,0,0,0,0,0,0,0,0,0,0,0,0,0,0,0,0,0,0,0,0,0,0,0,0,0,0,0,0,0,0,0,0,0,0,0,0,0,0,0,0,0,0,0,0,0,0,0,0,0,0,0,0,0,0,0,0,0,0,0,0,0,0,0,0,0,0,0,0,0,0,0,0,0,0,0,0,0,0,0,0,0,0,0,0,0,0,0,0,0,0,0,0,0,0,0,0,0,0,0,0,0,0,0,0,0,0,0,0,0,0,0,0,0,0,0,0,0,0,0,0,0,0,0,0,0,0,0,0,0,0,0,0,0,0,0,0,0,0,0,0,0,0,0,0,0,0,0,0,0,0,0,0,0,0,0,0,0,0,0,0,0,0,0,0,0,0,0,0,0,0,0,0,0,0,0,0,0,0,0,0,0,0,0,0,0,0,0,0,0,0,0,0,0,0,0,0,0,0,0,0,0,0,0,0,0,0,0,0,0,0,0,0,0,0,0,0,0,0,0,0,0,0,0,0,0,0,0,0,0,0,0,0,0,0,0,0,0,0,0,0,0,0,0,0,0,0,0,0,0,0,0,0,0,0,0,0,0,0,0,0,2
Moped,0,0,0,0,0,0,0,0,0,0,0,0,0,0,0,0,0,0,0,0,0,6,5,0,0,0,0,0,0,0,0,0,0,0,0,1,0,2,0,0,0,0,0,0,0,0,0,1,0,0,1,0,0,3,0,0,0,1,0,0,0,0,0,0,0,0,0,0,0,0,0,0,0,0,0,0,0,2,0,0,0,0,0,0,0,0,0,1,3,0,0,0,0,0,0,4,5,3,16,33,0,0,0,0,0,0,0,0,0,2,0,0,0,0,0,0,0,0,0,40,0,2,0,0,0,0,0,0,0,0,0,0,0,0,0,0,0,0,0,0,0,3,0,0,0,2,0,0,1,0,6,0,0,2,0,0,0,0,0,0,0,0,0,2,0,0,0,0,0,0,0,3,0,9,1,0,0,0,0,0,0,0,0,0,1,0,0,0,0,0,0,0,2,0,0,15,3,0,7,0,0,0,0,0,0,0,0,0,0,0,0,0,0,0,0,0,0,0,0,0,0,0,0,0,0,3,0,0,30,0,0,0,0,0,0,0,0,0,0,0,15,4,0,0,0,32,0,0,0,0,0,0,18,0,2,0,0,2,3,0,0,2,0,0,0,0,1,0,0,1,0,10,0,0,0,0,0,0,0,0,0,0,0,0,0,1,0,0,0,0,0,0,0,1,0,0,0,0,0,0,0,0,0,0,0,0,0,0,10,0,27,0,7,0,0,0,23,0,0,0,0,0,0,0,0,0,0,0,0,0,3,0,0,0,0,0,0,0,0,0,0,0,0,0,0,0,0,34,0,0,0,0,0,0,0,0,0,0,0,6,53,0,0,0,0,0,0,0,2,0,0,0,0,0,0,0,0,0,0,0,0,0,5,0,0,0,0,0,0,2,1,0,0,0,0,20,1,0,0,0,6,0,0,0,0,0,3,0,0,2,0,0,1,0,0,0,0,0,0,0,0,0,0,0,0,0,0,0,0,0,0,0,0,0,0,0,0,0,0,0,0,0,0,0,25,3,1,6,1,14,1,0,0,0,0,0,0,0,0,0,0,0,0,0,0,0,0,0,0,0,0,0,0,0,0,1,0,0,0,0,0,0,0,0,0,0,0,0,0,0,3,0,18,0,1,3,0,1,0,0,0,0,9,0,0,2,0,0,0,0,2,0,0,0,1,0,0,0,0,0,0,0,0,1,0,0,1,6,0,10,0,0,0,0,0,5,0,0,5,0,3,0,0,0,0,0,0,0,35,17,0,0,0,0,0,0,0,0,0,0,11,0,0,0,0,0,0,0,0,0,0,0,0,0,0,0,0,0,3,1,0,0,0,0,2,0,10,0,0,0,5,0,0,0,0,1,0,0,0,0,0,24,0,0,0,0,0,0,1,0,0,0,0,0,0,0,0,0,0,0,0,3,0,0,39,0,0,4,0,0,0,0,0,0,0,0,0,0,0,0,0,0,0,0,0,0,0,0,0,0,0,0,0,0,0,0,4,0,0,0,0,0,0,0,0,0,0,0,0,9,0,1,0,4,0,0,1,0,5,0,0,1,0,0,0,0,0,0,0,0,0,0,0,0,0,0,0,1,0,0,8,0,0,1,0,0,0,0,0,0,0,0,0,0,0,0,0,0,0,0,0,0,0,0,0,0,0,0,1,0,0,0,0,0,2,0,0,0,0,0,0,0,0,0,0,0,0,1,0,0,0,0,0,0,0,0,0,2,45,0,7,0,0,0,0,0,0,0,0,0,0,0,0,0,0,3,2,0,0,0,4,0,0,0,1,0,0,1,0,0,0,0,0,0,0,0,0,0,0,0,0,0,0,6,0,0,0,0,0,0,0,0,0,0,0,0,0,0,0,0,0,0,0,0,10,0,1,0,3,0,2,0,0,0,0,0,0,0,0,0,0,0,0,0,0,42,15,0,0,0,0,0,0,0,4,17,0,0,44,0,0,1,0,0,0,0,0,0,0,1,0,0,0,6,0,0,0,0,0,0,3,0,0,4,0,0,1,0,0,0,1,0,0,0,0,0,0,0,2,6,0,0,26,2,1,0,0,7,0,0,0,1,0,0,0,0,0,0,0,0,0,0,0,0,3,0,0,0,0,0,0,0,0,0,0,0,0,0,1,0,0,0,0,4,31,0,0,0,0,0,0,0,0,7,0,0,9,0,0,0,0,0,0,0,0,0,0,0,0,0,0,5,0,0,0,0,0,0,1168
Motor Cab,0,0,0,0,0,0,0,0,0,0,0,0,0,0,0,0,0,0,0,0,0,0,0,0,0,0,0,0,0,2,0,0,0,0,0,0,0,0,0,0,0,0,0,0,0,0,0,0,0,0,0,0,0,0,0,0,0,0,0,0,0,0,0,0,0,0,1,0,0,0,0,0,0,0,0,0,0,0,0,0,0,0,0,0,0,0,0,0,0,0,0,0,0,0,0,27,107,0,1,5,0,0,0,0,0,0,0,0,0,2,0,0,0,0,0,0,0,0,0,6,0,0,0,0,0,0,0,0,0,0,0,0,0,0,442,0,0,0,0,0,0,0,0,0,0,0,0,0,0,0,0,0,0,0,0,0,0,0,0,0,0,0,0,0,0,0,0,0,0,0,0,1,0,0,0,0,0,0,0,0,0,0,0,0,0,0,0,0,0,0,0,0,0,0,0,0,0,0,0,0,0,0,0,0,0,0,0,0,0,0,0,0,0,0,0,0,2,0,0,0,0,0,0,0,0,0,0,0,0,1,0,0,0,0,0,0,0,0,0,0,0,0,0,0,0,0,0,0,0,0,0,0,0,20,23,0,0,0,0,0,0,0,0,0,0,0,0,0,0,0,9,0,0,0,0,0,0,0,0,0,0,0,0,0,0,0,0,0,0,0,0,0,0,0,0,0,0,0,0,0,0,0,0,0,0,0,0,0,0,0,0,0,0,0,0,0,0,0,0,0,0,0,0,0,0,0,0,0,0,0,0,0,0,0,0,0,0,0,0,0,0,0,1,0,0,0,0,0,0,0,0,0,0,0,0,0,0,0,0,0,0,0,6,0,0,0,0,0,0,0,0,0,0,0,0,0,0,0,0,0,0,0,0,0,0,0,2,0,0,0,0,0,0,0,0,0,0,0,0,0,0,0,0,0,0,0,0,0,0,0,0,0,0,0,0,0,0,0,0,0,0,0,0,0,0,0,0,0,0,0,0,0,0,0,0,0,0,0,0,0,0,0,0,0,0,1,0,0,0,0,0,0,0,0,0,0,0,0,0,0,0,0,0,0,0,0,0,0,0,0,0,0,0,0,0,0,0,0,0,0,0,0,0,0,0,0,0,0,0,0,0,0,0,0,0,2,0,0,0,0,0,0,0,0,0,0,0,0,0,0,0,0,0,0,0,0,0,0,0,16,134,0,0,0,0,0,0,0,0,0,0,0,0,0,0,0,0,0,0,0,0,0,0,0,0,1,0,0,0,0,0,0,0,0,0,0,0,0,0,0,0,0,0,0,1,0,0,0,0,0,0,0,0,0,0,0,2,0,0,0,0,0,0,0,0,0,0,0,0,0,0,0,0,0,0,0,0,0,0,0,0,0,0,0,0,0,0,0,0,0,0,2,0,0,0,0,0,0,0,0,5,0,0,0,0,0,0,0,1,0,0,0,0,0,31,0,0,0,0,0,0,0,0,0,0,0,0,0,0,0,0,0,0,0,0,0,0,0,0,0,0,0,0,0,0,0,0,0,0,0,0,0,0,0,0,0,0,0,0,0,0,0,0,0,0,0,0,0,0,0,0,0,0,0,0,0,0,0,0,0,0,0,0,0,0,0,0,0,0,0,48,0,0,0,0,0,0,0,0,0,0,0,0,0,0,0,0,0,0,0,0,0,0,0,0,0,0,0,0,0,0,2,0,0,0,0,0,0,0,0,0,0,0,0,0,0,0,0,3,0,0,0,0,0,0,0,0,0,0,0,0,0,0,0,0,0,0,0,0,0,0,0,0,0,0,0,0,0,0,0,0,0,0,0,0,0,0,0,0,0,0,0,0,0,0,0,0,0,0,0,0,0,0,0,0,0,0,0,0,0,0,0,0,0,0,0,0,0,0,0,0,0,1,0,0,0,0,0,0,0,0,0,0,0,0,0,0,0,0,0,0,0,0,0,0,0,0,0,0,0,0,0,0,0,0,0,0,0,0,0,0,0,0,0,0,0,0,0,0,0,0,0,0,0,0,0,0,0,0,0,0,0,0,0,0,0,0,0,0,0,0,0,0,0,0,0,0,0,0,0,0,1,0,1,0,0,0,0,0,0,0,0,0,0,0,0,0,0,0,0,0,0,0,0,0,0,0,0,0,4,0,0,0,0,0,0,0,0,0,0,0,0,1,0,0,0,0,0,0,0,0,0,0,0,0,0,0,0,0,0,0,0,0,0,0,0,0,0,915
Motor Car,0,0,0,84,15,0,4,0,0,0,0,3,1,7,0,0,0,0,9,0,0,0,4,0,0,0,0,4,3,1,0,0,0,0,0,0,0,2,0,0,0,0,0,4,1,0,0,2,3,0,0,9,0,0,0,0,0,0,0,1,0,0,0,0,1,2,1,0,0,0,0,0,0,0,0,0,9,5,1,0,0,0,3,0,0,0,0,0,0,0,2,0,0,3,0,43,120,64,62,30,0,0,0,0,0,0,0,0,0,4,0,0,1,0,0,0,2,0,19,7,1,3,1,5,0,0,0,1,0,0,0,0,0,0,0,0,0,0,0,0,0,0,0,0,0,0,1,1,0,0,0,1,0,0,1,3,0,0,1,3,35,0,5,0,0,0,0,0,9,17,2,6,8,14,14,8,17,3,0,1,5,0,1,0,2,1,0,2,0,0,1,1,0,0,1,12,11,14,2,0,1,1,0,0,0,0,0,0,0,2,0,0,0,0,2,2,12,0,0,4,0,0,0,0,0,1,0,0,1,2,1,0,0,0,0,0,0,0,0,0,1,0,0,0,0,0,3,70,0,0,0,1,0,6,73,0,38,3,3,1,0,4,0,1,0,0,0,0,0,0,16,0,0,19,0,0,0,0,0,0,0,0,0,0,0,1,0,0,0,1,4,0,1,0,0,0,0,0,0,3,0,0,0,0,1,0,0,0,0,0,0,0,0,1,0,0,0,0,0,0,1,3,0,0,0,11,2,0,0,0,0,7,12,0,2,0,0,0,0,73,9,0,0,3,0,0,0,0,2,0,0,0,0,0,0,0,0,0,0,0,1,0,8,4,0,0,0,0,0,0,0,1,0,1,0,0,0,28,0,7,0,1,0,1,0,0,7,7,0,0,3,0,0,0,4,0,1,9,12,0,0,1,0,2,0,6,0,5,3,0,0,0,0,0,0,0,0,0,0,0,0,0,0,2,3,0,0,2,4,11,0,4,0,0,0,0,0,0,1,0,1,17,0,11,0,26,0,0,0,0,0,2,2,0,0,1,0,0,0,1,14,0,0,0,0,0,0,11,1,0,0,0,0,1,2,1,1,2,3,1,0,12,0,1,73,1,0,0,0,0,3,18,0,0,0,8,6,1,0,1,3,4,0,3,0,3,3,2,0,1,1,1,0,1,1,0,0,0,118,48,89,0,0,0,6,0,1,16,0,0,0,0,0,0,0,0,0,0,0,0,1,0,1,12,6,10,0,0,0,1,1,0,4,0,0,0,0,0,7,0,4,0,3,0,6,2,1,2,0,0,6,0,0,0,1,1,62,0,0,0,2,2,0,0,0,0,1,2,3,0,0,1,0,4,4,1,0,0,0,19,0,0,0,0,0,6,0,0,0,3,0,19,3,0,0,2,1,2,7,0,10,4,0,0,0,1,2,4,0,0,0,0,1,0,109,0,0,0,0,1,29,0,0,0,34,0,2,0,0,85,0,0,0,0,0,0,17,82,0,0,1,3,1,0,0,0,0,1,9,0,0,3,3,0,0,0,0,5,3,0,0,1,0,0,0,0,1,1,0,0,0,0,0,1,0,0,0,0,0,33,1,0,0,0,0,0,0,1,0,0,0,0,0,0,0,0,0,1,0,0,0,0,0,0,0,0,0,0,4,1,1,0,1,3,5,0,0,0,0,0,0,1,0,1,1,0,0,0,0,0,1,62,1,0,0,0,0,0,3,4,1,0,1,0,1,1,0,0,1,0,0,0,1,1,0,2,7,15,1,0,0,0,6,0,0,0,0,1,1,0,0,0,0,0,1,4,0,0,0,0,0,0,0,25,0,0,0,0,2,0,0,0,0,0,0,0,0,0,0,0,0,0,1,0,10,0,1,0,0,0,0,1,2,0,0,0,0,0,0,2,0,0,62,0,0,1,0,2,0,2,1,0,0,2,2,0,0,8,31,0,0,0,0,0,0,0,0,0,0,5,0,0,0,2,2,2,62,1,4,1,1,1,0,0,10,4,0,0,2,6,0,0,1,18,0,0,0,0,0,0,0,1,3,6,7,1,3,1,0,0,0,15,8,97,4,0,1,0,0,6,0,0,0,0,3,0,7,1,3,0,0,0,0,0,0,1,0,1,0,12,2,0,1,0,1,2,1,1,1,25,75,0,28,0,0,1,0,0,0,0,0,0,3,7,19,3,0,4,5,0,2,15,0,0,0,12,0,0,3280
Motor Cycle/Scooter-SideCar(T),0,0,0,0,0,0,0,0,0,0,0,0,0,0,0,0,0,0,0,0,0,0,0,0,0,0,0,0,0,0,0,0,0,0,0,0,0,0,0,0,0,0,0,0,0,0,0,0,0,0,0,0,0,0,0,0,0,0,0,0,0,0,0,0,0,0,0,0,0,0,0,0,0,0,0,0,0,0,0,0,0,0,0,0,0,0,0,0,0,0,0,0,0,0,0,0,0,0,1,0,0,0,0,0,0,0,0,0,0,0,0,0,0,0,0,0,0,0,0,0,0,0,0,0,0,0,0,0,0,0,0,0,0,0,0,0,0,0,0,0,0,0,0,0,0,0,0,0,0,0,0,0,0,0,0,0,0,0,0,0,0,0,0,0,0,0,0,0,0,0,0,0,0,0,0,0,0,0,0,0,0,0,0,0,0,0,0,0,0,0,0,0,0,0,0,0,0,0,0,0,0,0,0,0,0,0,0,0,0,0,0,0,0,0,0,0,0,0,0,0,0,0,0,0,0,0,0,0,0,0,0,0,0,0,0,0,0,0,0,0,0,0,0,0,0,0,0,0,0,0,0,0,0,0,0,0,0,0,0,0,0,0,0,0,0,0,0,0,0,0,0,0,0,0,0,0,0,0,0,0,0,0,0,0,0,0,0,0,0,0,0,0,0,0,0,0,0,0,0,0,0,0,0,0,0,0,0,0,0,0,0,0,0,0,0,0,0,0,0,0,0,0,0,0,0,0,0,0,0,0,0,0,0,0,0,0,0,0,0,0,0,0,0,0,0,0,0,0,0,0,0,0,0,0,0,0,0,0,0,0,0,0,0,0,0,0,0,0,0,0,0,0,0,0,0,0,0,0,0,0,0,0,0,0,0,0,0,0,0,0,0,0,0,0,0,0,0,0,0,0,0,0,0,0,0,0,0,0,0,0,0,0,0,0,0,0,0,0,0,0,0,0,0,0,0,0,0,0,0,0,0,0,0,0,0,0,0,0,0,0,0,0,0,0,0,0,0,0,0,0,0,0,0,0,0,0,0,0,0,0,0,0,0,0,0,0,0,0,0,0,0,0,0,0,0,0,0,0,0,0,0,0,0,0,0,0,0,0,0,0,0,0,0,0,0,0,0,0,0,0,0,0,0,0,0,0,0,0,0,0,0,0,0,0,0,0,0,0,0,0,0,0,0,0,0,0,0,0,0,0,0,0,0,0,0,0,0,0,0,0,0,0,0,0,0,0,0,0,0,0,0,0,0,0,0,0,0,0,0,0,0,0,0,0,0,0,0,0,0,0,0,0,0,0,0,0,0,0,0,0,0,0,0,0,0,0,0,0,0,0,0,0,0,0,0,0,0,0,0,0,0,0,0,0,0,0,0,0,0,0,0,0,0,0,0,0,0,0,0,0,0,0,0,0,0,0,0,0,0,0,0,0,0,0,0,0,0,0,0,0,0,0,0,0,0,0,0,0,0,0,0,0,0,0,0,0,0,0,0,0,0,0,0,0,0,0,0,0,0,0,0,0,0,0,0,0,0,0,0,0,0,0,0,0,0,0,0,0,0,0,0,0,0,0,0,0,0,0,0,0,0,0,0,0,0,0,0,0,0,0,0,0,0,0,0,0,0,0,0,0,0,0,0,0,0,0,0,0,0,0,0,0,0,0,0,0,0,0,0,0,0,0,0,0,0,0,0,0,0,0,0,0,0,0,0,0,0,0,0,0,0,0,0,0,0,0,0,0,0,0,0,0,0,0,0,0,0,0,0,0,0,0,0,0,0,0,0,0,0,0,0,0,0,0,0,0,0,0,0,0,0,0,0,0,0,0,0,0,0,0,0,0,0,0,0,0,0,0,0,0,0,0,0,0,0,0,0,0,0,0,0,0,0,0,0,0,0,0,0,0,0,0,0,0,0,0,0,0,0,0,0,0,0,0,0,0,0,0,0,0,0,0,0,0,0,0,0,0,0,0,0,0,0,0,0,0,0,0,0,0,0,0,0,0,0,0,0,0,0,0,0,0,0,0,0,0,0,0,0,0,0,0,0,0,0,0,0,0,0,0,0,0,0,0,0,0,0,0,0,0,0,0,0,0,0,0,0,0,0,0,0,0,0,0,0,0,0,0,0,0,0,0,0,0,0,0,0,0,0,0,0,0,0,0,0,0,0,0,0,0,0,0,0,0,0,0,0,0,0,0,0,0,0,0,0,0,0,0,1
Motor Cycle/Scooter-Used For Hire,0,0,0,0,0,0,0,0,0,0,0,0,0,0,0,0,0,0,0,0,0,0,0,0,0,0,0,0,0,0,0,0,0,0,0,0,0,0,0,0,0,0,0,0,0,0,0,0,0,0,0,0,0,0,0,0,0,0,0,0,0,0,0,0,0,0,0,0,0,0,0,0,0,0,0,0,0,0,0,0,0,0,0,0,0,0,0,0,0,0,0,0,0,0,0,0,1140,0,735,0,0,0,0,0,0,0,0,0,0,0,0,0,0,0,0,0,0,0,0,1,0,0,0,0,0,0,0,0,0,0,0,0,0,0,0,0,0,0,0,0,0,0,0,0,0,0,0,0,0,0,0,0,0,0,0,0,0,0,0,0,0,0,0,0,0,0,0,0,0,0,0,0,0,0,0,0,0,0,0,0,0,0,0,0,0,0,0,0,0,0,0,0,0,0,0,0,0,0,0,0,0,0,0,0,0,0,0,0,0,0,0,0,0,0,0,0,0,0,0,0,0,0,0,0,0,0,0,0,0,0,0,0,0,0,0,0,0,0,0,0,0,0,0,0,0,0,0,0,0,0,0,0,0,0,169,0,0,0,0,0,0,0,0,0,0,0,0,0,0,0,0,0,0,0,0,0,0,0,0,0,0,0,0,0,0,0,0,0,0,0,0,0,0,0,0,0,0,0,0,0,0,0,0,0,0,0,0,0,0,0,0,0,0,0,0,0,0,0,0,0,0,0,0,0,0,0,0,0,0,0,0,0,0,0,0,0,0,0,0,1,0,0,0,0,0,0,0,0,0,0,0,0,0,0,0,0,0,0,0,0,0,0,10,0,0,0,0,0,0,0,0,0,0,0,0,0,0,0,0,0,0,0,0,0,0,0,0,0,0,0,0,0,0,0,0,0,0,0,0,0,0,0,0,0,0,0,0,0,0,0,0,0,0,0,0,0,0,0,0,0,0,0,0,0,0,0,0,0,0,0,0,0,0,0,0,0,0,0,0,0,0,0,0,0,0,0,0,0,0,0,0,0,0,0,0,0,0,0,0,0,0,0,0,0,0,0,0,0,0,0,0,0,0,0,0,0,0,0,0,0,0,0,0,0,0,0,0,0,0,0,0,0,0,0,0,0,0,0,0,0,0,0,0,0,0,0,0,0,0,0,0,0,0,0,0,0,0,0,0,0,0,0,0,0,0,0,0,0,0,0,0,0,0,0,0,0,0,0,0,0,0,0,0,0,0,0,0,0,0,0,0,0,0,0,0,0,0,0,0,0,0,0,0,0,0,0,0,0,0,0,0,0,0,0,0,0,0,0,0,0,0,0,0,0,0,0,0,0,0,0,0,0,0,0,0,0,0,0,0,0,0,0,0,0,0,0,0,0,0,0,0,0,0,0,0,0,0,0,0,0,0,0,0,0,0,0,0,0,0,0,0,0,0,0,0,0,0,0,0,0,0,0,0,0,0,0,0,0,0,0,0,0,0,0,0,0,0,0,0,0,0,0,0,0,0,0,0,0,0,0,0,0,0,0,0,0,0,0,0,0,0,0,0,0,0,0,0,0,0,0,0,0,0,0,0,0,0,0,0,0,0,0,0,0,0,0,0,0,0,0,40,0,0,0,0,0,0,0,0,0,0,0,0,0,0,0,0,0,0,0,0,0,0,0,0,0,0,0,0,0,0,0,0,0,0,0,0,0,0,0,0,0,0,0,0,0,0,0,0,0,0,0,0,0,0,0,0,0,0,0,0,0,0,0,0,0,0,0,0,0,0,0,0,0,0,0,0,0,0,0,0,0,0,0,0,0,0,0,0,0,0,0,0,0,0,0,0,0,0,0,0,0,0,0,0,0,0,0,0,0,0,0,0,0,0,0,0,0,0,0,0,0,0,0,0,0,0,0,0,0,0,0,0,0,0,0,0,0,0,0,0,0,0,0,0,0,0,0,0,0,0,0,0,0,0,0,0,0,0,0,0,0,0,0,0,0,0,0,0,0,0,0,0,0,0,0,0,0,0,0,0,0,0,0,0,0,0,0,0,0,0,0,0,0,0,0,0,0,0,0,0,0,0,0,0,0,0,0,0,0,0,0,0,0,0,0,0,0,0,0,0,0,0,0,0,0,0,0,0,0,0,0,0,0,0,0,0,0,0,0,0,0,0,0,0,0,0,0,0,0,0,0,0,0,0,0,0,0,0,0,0,0,0,0,0,0,0,0,2096
Motorised Cycle (CC 25cc),0,0,0,0,0,0,0,0,0,2,0,0,0,2,0,0,0,0,0,0,0,0,25,0,0,0,0,0,0,3,0,0,6,0,0,0,0,0,0,0,0,0,0,0,0,0,0,0,0,0,61,0,0,0,0,0,0,0,0,0,0,0,0,0,0,0,0,0,0,0,0,0,0,0,0,0,0,0,0,0,0,0,0,0,0,0,0,5,0,0,0,0,0,0,2,61,1,0,96,5,0,0,0,0,0,0,0,0,14,0,3,0,0,0,1,0,0,0,0,0,0,0,0,0,0,0,0,0,0,0,0,0,1,0,0,0,0,0,0,0,0,0,0,0,0,0,0,0,0,0,0,0,0,0,0,0,0,2,0,1,1,0,0,0,0,0,0,0,8,7,22,27,23,28,16,17,55,0,0,1,0,0,0,0,1,0,0,0,0,0,0,0,0,0,0,0,2,0,0,0,0,0,0,0,0,0,0,0,0,0,0,0,0,0,0,0,0,0,0,0,0,0,0,22,0,0,0,0,52,0,0,0,0,0,0,0,0,0,0,0,0,0,0,0,0,0,0,0,0,0,0,0,0,0,15,0,0,5,10,0,0,0,0,0,0,0,0,0,0,0,0,0,0,0,1,0,0,0,0,0,0,0,0,0,0,3,2,2,0,0,0,0,0,0,0,0,0,0,0,0,0,0,0,0,9,0,0,0,28,0,0,2,0,0,0,0,0,0,0,0,2,0,0,0,0,0,0,0,0,0,0,0,0,0,0,0,0,0,0,4,0,6,0,0,5,0,0,0,0,0,0,0,0,0,0,0,0,0,0,0,0,0,0,53,0,0,0,0,0,0,1,0,0,0,0,2,0,0,0,0,0,2,1,0,0,0,0,0,0,0,0,0,0,0,0,3,0,0,0,0,0,0,0,0,0,0,0,0,0,0,0,0,0,0,0,0,0,0,0,0,0,0,0,0,0,0,0,0,0,0,0,0,0,0,0,0,0,0,0,0,0,0,1,0,12,0,0,0,4,0,8,0,0,0,0,0,0,0,0,0,0,0,0,0,0,0,0,0,0,7,0,0,1,0,0,1,0,0,0,0,0,0,0,0,0,0,0,0,0,0,1,0,0,0,0,0,0,0,0,0,0,0,0,0,0,15,0,0,0,0,0,0,0,0,0,0,0,0,0,0,0,0,0,0,0,0,1,9,3,0,0,0,0,0,0,0,0,0,0,0,0,1,0,0,0,0,0,0,3,3,0,0,0,0,0,0,0,0,0,0,0,0,0,0,0,0,0,0,1,0,0,0,0,0,0,0,7,0,0,0,0,0,0,0,0,0,23,0,2,0,0,0,0,0,0,0,0,0,0,0,0,3,0,0,0,0,0,0,0,0,0,1,0,0,0,0,0,0,0,0,0,6,3,0,0,0,0,28,0,0,0,1,0,0,0,0,0,0,0,0,0,0,0,0,1,0,0,0,0,0,0,0,0,0,0,0,0,0,0,0,0,0,0,0,0,0,0,0,0,0,0,1,0,1,0,0,0,13,0,0,0,0,0,0,0,0,0,0,0,0,0,0,0,0,0,0,0,0,0,0,0,0,0,0,0,0,0,0,0,0,0,0,0,0,0,0,0,0,0,0,0,0,0,0,0,0,0,0,0,0,0,0,0,0,15,0,0,0,1,0,0,1,0,0,0,0,0,0,0,12,0,0,1,0,0,0,0,0,0,0,0,0,0,0,0,0,0,0,0,0,0,0,0,0,0,0,0,0,0,0,0,0,0,1,0,0,0,0,0,0,0,0,1,0,0,0,2,0,0,0,1,0,0,0,0,1,2,0,0,0,0,0,0,0,0,0,0,0,0,0,0,0,0,0,36,0,0,0,0,0,0,0,0,0,0,0,0,0,0,0,0,0,0,0,0,2,0,1,0,0,0,0,0,0,0,0,0,0,0,0,0,0,0,0,0,0,0,0,0,32,0,0,0,0,0,0,0,0,0,0,0,0,0,3,0,0,0,0,0,0,0,0,0,0,0,0,9,0,1,3,2,0,0,0,1,3,3,0,0,0,0,0,0,0,0,0,0,0,0,2,0,0,0,0,0,0,0,0,0,0,0,0,0,0,0,0,0,0,0,0,0,0,0,0,0,0,0,2,0,0,0,0,0,0,0,0,0,0,0,0,0,0,0,0,0,0,0,0,0,0,0,0,0,0,1,0,5,0,1034
Omni Bus,0,0,0,0,0,0,0,0,0,0,0,0,0,0,0,0,0,0,0,0,0,0,0,0,0,0,0,0,0,0,0,0,0,0,0,0,0,0,0,0,0,0,0,0,0,0,0,0,0,0,0,0,0,0,0,0,0,0,0,0,0,0,0,0,0,0,0,0,0,0,0,0,0,0,0,0,0,0,0,0,0,0,0,0,0,0,0,0,0,0,0,0,0,0,0,0,0,0,0,0,0,0,0,0,0,0,0,0,0,0,0,0,0,0,0,0,0,0,0,0,0,0,0,0,0,0,0,0,0,0,0,0,0,0,0,0,0,0,0,0,0,0,0,0,0,0,0,0,0,0,0,0,0,0,0,0,0,0,0,0,0,0,0,0,0,0,0,0,0,0,0,0,0,0,0,0,0,0,0,0,0,0,0,0,0,0,0,0,0,0,0,0,0,0,0,0,0,0,0,0,0,0,0,0,0,0,0,0,0,0,0,0,0,0,0,0,0,0,0,0,0,0,0,0,0,0,0,0,0,0,0,0,0,0,0,0,0,0,0,0,0,0,0,0,0,0,0,0,0,0,0,0,0,0,0,0,0,0,0,0,0,0,0,0,0,0,0,0,0,0,0,0,0,0,0,0,0,0,0,0,0,0,0,0,0,0,0,0,0,0,0,0,0,0,0,0,0,0,0,0,0,0,0,0,0,0,0,0,0,0,0,0,0,0,0,0,0,0,0,0,0,0,0,0,0,0,0,0,0,0,0,0,0,0,0,0,0,0,0,0,0,0,0,0,0,0,0,0,0,0,0,0,0,0,0,0,0,0,0,0,0,0,0,0,0,0,0,0,0,0,0,0,0,0,0,0,0,0,0,0,0,0,0,0,0,0,0,0,0,0,0,0,0,0,0,0,0,0,0,0,0,0,0,0,0,0,0,0,0,0,0,0,0,0,0,0,0,0,0,0,0,0,0,0,0,0,0,0,0,0,0,0,0,0,0,0,0,0,0,0,0,0,0,0,0,0,0,0,0,0,0,0,0,0,0,0,0,0,0,0,0,0,0,0,0,0,0,0,0,0,0,0,0,0,0,0,0,0,0,0,0,0,0,0,0,0,0,0,0,0,0,0,0,0,0,0,0,0,0,0,0,0,0,0,0,0,0,0,0,0,0,0,0,0,0,0,0,0,0,0,0,0,0,0,0,0,0,0,0,0,0,0,0,0,0,0,0,0,0,0,0,0,0,0,0,0,0,0,0,0,0,0,0,0,0,0,0,0,0,0,0,0,0,0,0,0,0,0,0,0,0,0,0,0,0,0,0,0,0,0,0,0,0,0,0,0,0,0,0,0,0,0,0,0,0,0,0,0,0,0,0,0,0,0,0,0,0,0,0,0,0,0,0,0,0,0,0,0,0,0,0,0,0,0,0,0,0,0,0,0,0,0,0,0,0,0,0,0,0,0,0,0,0,0,0,0,0,0,0,0,0,0,0,0,0,0,0,0,0,0,0,0,0,0,0,0,0,0,0,0,0,0,0,0,0,0,0,0,0,0,0,0,0,0,0,0,0,0,0,0,0,0,0,0,0,0,0,0,0,0,0,0,0,0,0,0,0,0,0,0,0,0,0,0,0,0,0,0,0,0,0,0,0,0,0,0,0,0,0,0,0,0,0,0,0,0,0,0,0,0,0,0,0,0,0,0,0,0,0,0,0,0,0,0,0,0,0,0,0,0,0,0,0,0,0,0,0,0,0,0,0,0,0,0,0,0,0,0,0,0,0,0,0,0,0,0,0,0,0,0,0,0,0,0,0,0,0,0,0,0,0,0,0,0,0,0,0,0,0,0,0,0,0,0,0,0,0,0,0,0,0,0,0,0,0,0,0,0,4,0,0,0,0,0,0,0,0,0,0,0,0,0,0,0,0,0,0,0,0,0,0,0,0,0,0,0,0,0,0,0,0,0,0,0,0,0,0,0,0,0,0,0,0,0,0,0,0,0,0,0,0,0,0,0,0,0,0,0,0,0,0,0,0,0,0,0,0,0,0,0,0,0,0,0,0,0,0,0,0,0,0,0,0,0,0,0,0,0,0,0,0,0,0,0,0,0,0,0,0,0,0,0,0,0,0,0,0,0,0,0,0,0,0,0,0,0,0,0,0,0,0,0,0,0,0,0,0,0,0,0,0,0,0,0,0,0,0,0,0,0,0,0,0,0,0,0,0,0,4
Three Wheeler (Goods),0,0,0,96,7,0,0,1,0,0,0,0,0,0,0,0,0,0,0,0,0,0,0,0,0,0,0,4,0,0,0,0,0,0,0,0,0,0,0,0,0,0,0,0,0,0,0,0,0,0,0,2,0,0,0,0,0,1,0,0,0,0,0,0,0,0,1,0,0,0,0,0,0,0,0,0,0,0,1,0,0,0,0,0,0,0,0,0,0,0,0,0,0,0,0,0,3,0,33,1,0,0,0,0,0,0,0,0,0,0,0,2,0,0,0,0,0,0,0,0,1,0,0,0,0,0,0,0,0,0,0,0,1,0,0,0,0,0,0,0,0,0,0,0,0,0,0,0,0,0,0,0,0,0,0,0,0,0,0,0,0,0,0,0,0,0,0,0,0,0,0,0,0,0,0,0,0,0,0,0,0,0,0,0,0,0,1,4,0,0,0,0,0,0,0,0,0,0,0,0,0,10,0,0,0,0,0,0,0,0,0,0,0,0,0,0,0,0,0,0,0,0,0,0,0,0,0,0,0,5,2,0,0,0,0,0,0,0,0,0,0,0,0,0,2,1,0,0,0,0,0,0,0,8,32,0,0,0,0,0,0,0,0,0,0,0,0,0,0,0,1,0,0,0,0,0,0,0,0,0,0,0,0,0,0,0,0,0,0,0,0,0,0,0,1,1,1,0,0,0,0,0,1,0,0,0,0,0,0,0,0,0,0,0,0,0,0,0,0,0,0,0,0,0,0,0,0,0,0,0,0,0,0,0,0,0,0,0,0,0,0,0,0,0,0,0,0,0,21,0,0,0,0,0,0,0,0,0,0,0,0,0,0,0,0,1,0,0,0,0,0,2,0,0,0,0,0,1,0,0,0,0,0,0,0,0,0,0,0,0,0,0,0,0,0,0,0,0,0,0,0,0,0,0,0,0,0,0,0,0,0,0,13,0,0,0,3,0,0,0,0,0,0,0,0,0,0,0,0,0,0,0,0,0,0,0,0,0,0,0,0,0,0,0,0,0,0,0,0,0,0,0,0,0,3,0,0,0,0,0,1,0,0,0,0,0,0,0,0,0,0,0,0,0,0,0,0,0,0,0,0,0,0,0,0,0,0,0,0,0,0,0,0,0,0,0,0,0,0,0,0,0,0,0,0,0,0,1,0,0,0,0,0,0,0,0,0,0,0,1,0,0,0,0,0,0,0,0,0,0,0,0,0,0,0,0,1,0,0,0,0,0,0,0,0,0,0,0,0,0,0,0,0,0,0,0,0,0,0,0,1,0,0,0,1,0,0,0,0,0,0,0,0,0,0,0,0,0,0,0,0,0,0,0,0,0,0,0,0,0,0,0,0,0,0,0,0,0,0,0,0,0,0,0,0,0,0,0,0,0,0,0,0,0,0,0,0,0,0,0,0,0,0,0,0,0,0,0,0,0,0,0,0,0,1,0,0,0,0,0,0,0,0,0,0,0,0,0,0,0,0,0,0,0,0,0,8,0,41,0,0,0,0,0,0,4,0,0,0,0,0,0,0,0,0,0,0,0,0,0,0,0,0,0,0,0,0,0,0,0,0,0,0,0,0,0,0,0,0,0,0,0,0,0,0,1,0,0,0,0,16,0,0,0,0,0,0,0,0,0,0,0,0,0,2,0,0,0,0,0,3,0,0,0,0,0,0,0,0,0,0,0,3,0,0,0,0,0,0,0,0,0,0,0,0,0,0,0,10,0,0,0,0,0,0,0,0,0,0,0,1,0,0,0,0,0,0,0,0,0,0,0,0,0,0,0,0,0,0,0,0,0,0,0,0,0,0,0,0,0,0,0,0,0,0,0,0,0,0,0,0,0,0,0,0,0,0,0,0,0,0,0,0,0,0,0,0,0,0,0,0,0,0,0,0,0,0,0,0,0,0,0,0,0,0,0,0,0,0,0,0,0,0,0,0,0,0,0,2,1,0,0,0,1,0,0,0,0,0,0,0,0,0,0,0,0,0,0,0,0,0,0,0,0,0,0,0,0,0,0,0,0,0,0,0,0,0,0,1,0,0,0,0,0,0,0,0,0,0,0,0,1,0,0,0,0,0,0,1,0,0,0,0,0,0,0,0,0,0,0,0,0,0,0,0,0,0,0,0,4,0,0,0,0,0,0,0,0,0,0,0,0,0,0,0,0,0,0,0,0,0,0,0,2,0,0,0,0,0,0,0,0,0,0,0,0,0,0,377
Three Wheeler (Passenger),0,2,0,28,8,0,0,1,0,0,0,1,0,0,0,0,0,0,0,0,0,0,0,0,0,0,0,1,4,0,0,0,0,0,0,0,0,0,0,0,0,0,0,1,0,0,1,0,3,0,0,0,0,0,0,0,2,8,0,0,0,0,0,0,2,0,1,1,0,0,0,0,3,4,0,0,0,6,2,0,0,0,0,0,0,0,0,0,0,0,0,0,0,0,1,0,16,0,14,2,0,0,0,0,0,0,0,0,0,1,0,0,0,0,0,0,0,0,0,0,0,0,0,2,3,0,0,0,2,0,0,0,0,0,0,0,6,2,0,2,0,0,0,0,0,0,0,0,0,0,0,1,0,0,0,0,0,0,0,1,42,0,2,0,0,0,0,0,0,0,0,0,0,0,0,0,0,3,0,0,0,0,0,0,0,0,0,0,0,6,0,2,0,0,0,0,0,0,0,1,0,2,2,0,0,2,0,0,0,7,0,0,0,0,2,0,18,0,0,0,0,0,1,5,0,0,0,0,0,1,0,0,0,0,0,0,0,0,0,0,0,0,1,0,0,5,0,0,0,0,0,0,1,8,4,0,0,0,0,0,0,0,1,17,0,0,0,0,0,0,1,0,2,1,0,0,0,2,0,0,0,12,1,0,3,0,0,0,0,0,1,0,0,0,3,2,1,0,0,5,0,0,0,0,0,0,1,14,0,0,2,2,0,2,0,0,0,0,0,0,0,1,0,0,3,0,0,0,0,0,0,0,6,9,0,0,0,5,0,0,0,0,0,0,0,0,0,0,3,0,0,0,0,0,0,1,0,0,0,0,0,0,3,0,12,0,0,0,0,0,0,1,0,0,0,0,0,0,0,0,4,0,0,8,1,0,13,8,0,0,0,0,0,0,7,0,0,0,0,0,0,0,0,1,0,0,0,1,2,0,0,5,0,0,0,0,1,1,0,8,0,0,2,2,2,0,0,1,0,8,0,7,0,0,0,0,0,1,0,0,2,7,0,53,0,1,0,0,0,0,0,1,0,1,2,0,0,0,0,0,6,0,0,1,0,0,0,0,0,0,21,0,0,0,0,0,0,0,0,0,0,23,0,0,0,1,2,0,0,0,0,9,0,0,0,0,0,0,0,0,0,2,0,0,7,0,1,0,0,0,0,1,0,3,0,0,0,0,0,0,0,0,7,0,0,4,0,1,1,0,1,0,0,0,3,0,9,0,0,0,0,0,0,0,0,0,0,0,0,0,0,0,7,0,0,0,0,0,0,0,0,0,2,0,0,0,2,7,0,0,1,12,1,2,2,4,2,0,0,0,0,8,0,0,0,0,0,0,5,0,0,0,0,0,0,0,0,0,0,0,0,0,0,0,0,0,0,0,0,2,2,0,5,0,0,0,0,20,7,0,0,0,0,0,0,0,1,0,1,1,0,0,0,1,19,0,0,2,0,0,0,0,0,2,0,10,0,0,0,0,0,0,0,0,0,0,1,0,0,0,0,0,9,0,0,0,0,9,0,0,0,0,0,0,0,1,0,0,0,0,0,0,18,0,0,0,0,0,0,0,0,0,0,0,0,0,0,0,0,0,0,1,0,0,2,15,0,0,1,0,63,0,0,1,0,0,0,0,1,0,1,5,1,0,10,11,3,1,1,0,2,0,1,0,0,4,0,0,1,0,0,0,0,0,3,0,0,0,5,0,0,0,0,0,0,1,1,0,98,3,0,0,0,0,1,0,0,0,0,0,1,0,2,0,0,0,0,0,0,2,0,0,0,0,0,0,7,0,0,0,0,0,0,0,0,0,0,0,0,0,0,0,0,0,0,0,0,0,0,0,0,0,0,0,0,0,10,0,0,0,0,0,0,0,0,0,0,3,0,0,0,0,0,0,0,0,0,4,0,0,0,0,0,0,38,0,0,0,0,5,0,0,0,3,0,0,2,0,5,1,0,0,0,2,0,1,0,3,0,0,0,1,0,0,20,10,0,0,0,0,0,0,0,0,1,33,0,0,1,2,0,0,7,9,0,0,0,0,0,0,0,0,0,0,0,0,0,0,0,0,0,57,1,26,2,0,0,0,4,0,0,0,0,0,0,1,10,0,0,0,0,0,0,0,0,1,0,1,0,5,5,8,0,0,1,0,0,0,3,0,0,0,0,0,0,0,0,0,0,0,0,0,0,33,5,1,0,2,0,0,3,0,1,195,0,0,0,0,1558
Three Wheeler (Personal),0,0,0,0,0,0,0,0,0,0,0,0,0,0,0,0,0,0,0,0,0,0,0,0,0,0,0,0,0,0,0,0,0,0,0,0,0,0,0,0,0,0,0,1,0,0,0,0,0,0,0,0,0,0,0,0,0,0,0,0,0,0,0,0,0,0,0,0,0,0,0,0,0,0,0,0,0,0,0,0,0,0,0,0,0,0,0,0,0,0,0,0,0,0,0,0,1,0,2,0,0,0,0,0,0,0,0,0,0,0,0,0,0,0,0,0,0,0,0,0,0,0,0,0,0,0,0,0,0,0,0,0,0,0,0,0,0,0,0,0,0,0,0,0,0,0,0,0,0,0,0,0,0,0,0,0,0,0,0,1,0,0,0,0,0,0,0,0,0,0,0,0,0,0,0,0,0,0,0,0,0,0,0,0,0,0,0,0,0,0,0,0,0,0,0,0,0,0,0,0,0,0,0,0,0,0,1,0,0,0,0,0,0,0,0,0,0,0,0,0,0,0,0,0,0,0,0,0,0,0,0,0,0,0,0,0,0,0,0,0,0,0,0,0,0,2,0,0,0,0,0,0,0,0,0,0,0,0,0,0,0,0,0,0,0,0,0,0,0,0,0,0,0,0,0,0,0,0,0,0,0,0,0,0,0,0,0,0,0,0,0,0,0,0,0,0,0,0,0,0,0,0,0,0,0,0,0,0,0,0,0,0,0,0,0,0,0,0,0,0,0,0,0,0,0,0,0,0,0,0,0,0,0,0,0,0,0,0,0,0,0,0,0,0,0,0,0,0,0,0,0,0,1,0,0,0,0,0,0,0,0,0,0,0,0,0,0,0,0,0,0,0,0,0,0,0,0,0,0,0,0,1,0,0,0,0,0,0,0,0,0,0,0,0,0,0,0,0,0,0,0,0,0,0,0,0,0,0,1,0,0,0,0,0,0,0,0,0,0,0,0,0,0,0,0,0,0,0,0,1,0,0,0,0,0,0,0,0,0,0,0,1,0,1,0,0,0,0,0,0,0,0,0,0,0,0,0,0,0,0,0,0,0,0,0,0,0,0,0,0,0,0,0,0,0,0,0,0,0,0,0,9,0,0,0,0,0,0,0,0,0,1,0,2,0,0,0,0,0,0,0,0,0,0,0,0,0,0,0,0,0,0,0,0,0,0,0,0,0,0,0,0,0,0,0,0,0,0,0,0,0,0,0,0,0,0,0,0,0,0,0,0,0,0,0,0,0,0,0,0,0,0,0,0,0,0,0,0,0,0,0,0,0,0,0,0,0,2,0,0,2,0,0,0,0,0,0,0,0,0,0,0,1,0,0,0,0,0,0,0,0,0,0,0,0,0,0,0,0,0,0,0,0,0,0,0,0,0,0,0,0,0,0,0,0,0,0,1,0,0,0,0,0,0,0,0,0,0,0,0,0,1,0,1,0,0,0,0,0,0,0,0,0,0,0,1,0,0,0,0,0,0,0,0,0,0,0,0,0,0,0,0,0,0,0,0,0,0,0,0,0,0,1,0,0,0,0,0,0,0,0,0,0,0,0,0,0,0,0,0,0,0,0,0,0,0,0,0,0,0,0,0,0,0,0,0,0,0,0,0,0,0,0,0,0,0,0,0,0,0,0,0,0,0,0,0,0,0,0,0,0,0,0,0,0,0,0,0,0,0,0,0,0,0,0,0,0,0,0,0,0,2,0,0,0,0,0,0,5,1,0,0,0,0,0,0,0,0,0,0,0,0,0,0,0,0,0,0,0,0,0,0,0,0,0,0,0,0,0,0,0,0,0,0,0,0,0,0,0,0,0,0,0,0,0,0,0,0,0,0,0,0,0,0,0,0,0,0,0,0,0,0,0,0,0,0,0,0,0,0,0,0,0,0,0,0,0,0,0,0,0,0,0,0,0,0,0,0,0,0,0,0,0,0,0,0,0,0,0,0,0,0,0,0,0,0,0,0,0,0,0,0,0,0,0,0,0,0,0,0,0,0,0,0,3,3,0,0,0,0,0,0,0,1,0,0,0,0,0,0,0,0,0,0,0,0,1,0,0,0,0,0,0,0,0,0,0,0,0,0,0,0,0,0,0,0,0,0,0,0,0,0,0,0,0,0,0,1,0,0,0,0,0,0,0,0,0,0,2,0,0,0,0,0,0,0,0,0,0,0,0,0,0,0,0,0,0,2,0,0,0,0,0,0,0,0,0,0,57
Tractor-Trolley(Commercial),0,0,0,0,0,0,0,0,0,0,0,0,0,0,0,0,0,0,0,0,0,0,0,0,0,0,0,0,0,0,0,0,0,0,0,0,0,0,0,0,0,0,0,0,0,0,0,0,0,0,0,0,0,0,0,0,0,0,0,0,0,0,0,0,0,0,0,0,0,0,0,0,0,0,0,0,0,0,0,0,0,0,0,0,0,0,0,0,0,0,0,0,0,0,0,0,0,0,0,0,0,0,0,0,0,0,0,0,0,0,0,0,0,0,0,0,0,0,0,0,0,0,0,0,0,0,0,0,0,0,0,0,0,0,0,0,0,0,0,0,0,0,0,0,0,0,0,0,0,0,0,0,0,0,0,0,0,0,0,0,0,0,0,0,0,0,0,0,0,0,0,0,0,0,0,0,0,0,0,0,0,0,0,0,0,0,0,0,0,0,0,0,0,0,0,0,0,0,0,0,0,0,0,0,0,0,0,0,0,0,0,0,0,0,0,0,0,0,0,0,0,0,0,0,0,0,0,0,0,0,0,0,0,0,0,0,0,0,0,0,0,0,0,0,0,0,0,0,0,0,0,0,0,0,0,0,0,0,0,0,0,0,0,0,0,0,0,0,0,0,0,0,0,0,0,0,0,0,0,0,0,0,0,0,0,0,0,0,0,0,0,0,0,0,0,0,0,0,0,0,0,0,0,0,0,0,0,0,0,0,0,0,0,2,0,0,0,0,0,0,0,0,0,0,0,0,0,0,0,0,0,0,0,0,0,0,0,0,0,0,0,0,0,0,0,0,0,0,0,0,0,0,0,0,0,0,0,0,0,0,0,0,0,0,0,0,0,0,0,0,0,0,0,0,0,0,0,0,0,0,0,0,0,0,0,0,0,0,0,0,0,0,0,0,0,0,0,0,0,0,0,0,0,0,0,0,0,0,0,0,0,0,0,0,0,0,0,0,0,0,0,0,0,0,0,0,0,0,0,0,0,0,0,0,0,0,0,0,0,0,0,0,0,0,0,0,0,0,0,0,0,0,0,0,0,0,0,0,0,0,0,0,0,0,0,0,0,0,0,0,0,0,0,0,0,0,0,0,0,0,0,0,0,0,0,0,0,0,0,0,0,0,0,0,0,0,0,0,0,0,0,0,0,0,0,0,0,0,0,0,0,0,0,0,0,0,0,0,0,0,0,0,0,0,0,0,0,0,0,0,0,0,0,0,0,0,0,0,0,0,0,0,0,0,0,0,0,0,0,0,0,0,0,0,0,0,0,0,0,0,0,0,0,0,0,0,0,0,0,0,0,0,0,0,0,0,0,0,0,0,0,0,0,0,0,0,0,0,0,0,0,0,0,0,0,0,0,0,0,0,0,0,0,0,0,0,0,0,0,0,0,0,0,0,0,0,0,0,0,0,0,0,0,0,0,0,0,0,0,0,0,0,0,0,0,0,0,0,0,0,0,0,0,0,0,0,0,0,0,0,0,0,0,0,0,0,0,0,0,0,0,0,0,0,0,0,0,0,0,0,0,0,0,0,0,0,0,0,0,0,0,0,0,0,0,0,0,0,0,0,0,0,0,0,0,0,0,0,0,0,0,0,0,0,0,0,0,0,0,0,0,0,0,0,0,0,0,0,0,0,0,0,0,0,0,0,0,0,0,0,0,0,0,0,0,0,0,0,0,0,0,0,0,0,0,0,0,0,0,0,0,0,0,0,0,0,0,0,0,0,0,0,0,0,0,0,0,0,0,0,0,0,0,0,0,0,0,0,0,0,0,0,0,0,0,0,0,0,0,0,0,0,0,0,0,0,0,0,0,0,0,0,0,0,0,0,0,0,0,0,0,0,0,0,0,0,0,0,0,0,0,0,0,0,0,0,0,0,0,0,0,0,0,0,0,0,0,0,0,0,0,0,0,0,0,0,0,0,0,0,0,0,0,0,0,0,0,0,0,0,0,0,0,0,0,0,0,0,0,0,0,0,0,0,0,0,0,0,0,0,0,0,0,0,0,0,0,0,0,0,0,0,0,0,0,0,0,0,0,0,0,0,0,0,0,0,0,0,0,0,0,0,0,0,0,0,0,0,0,0,0,0,0,0,0,0,0,0,0,0,0,0,0,0,0,0,0,0,0,0,0,0,0,0,0,0,0,0,0,0,0,0,0,0,0,0,0,0,0,0,0,0,0,0,0,0,0,0,0,0,0,0,0,0,0,0,0,0,2
Trailer (Agricultural),0,0,0,0,0,0,0,0,0,0,0,0,0,0,0,0,0,0,0,0,0,0,0,0,0,0,0,0,0,0,0,0,0,0,0,0,0,0,0,0,0,0,0,0,0,0,0,0,0,0,0,0,0,0,0,0,0,0,0,0,0,0,0,0,0,0,0,0,0,0,0,0,0,0,0,0,0,0,0,0,0,0,0,0,0,0,0,0,0,0,0,0,0,0,0,0,0,0,0,0,0,0,0,0,0,0,0,0,0,0,0,0,0,0,0,0,0,0,0,0,0,0,0,0,0,0,0,0,0,0,0,0,0,0,0,0,0,0,0,0,0,0,0,0,0,0,0,0,0,0,0,0,0,0,0,0,0,0,0,0,0,0,0,0,0,0,0,0,0,0,0,0,0,0,0,0,0,0,0,0,0,0,0,0,0,0,0,0,0,0,0,0,0,0,0,0,0,0,0,0,0,0,0,0,0,0,0,0,0,0,0,0,0,0,0,0,0,0,0,0,0,0,0,0,0,0,0,0,0,0,0,0,0,0,0,0,0,0,0,0,0,0,0,0,0,0,0,0,0,0,0,0,0,0,0,0,0,0,0,0,0,0,0,0,0,0,0,0,0,0,0,0,0,0,0,0,0,0,0,0,0,0,0,0,0,0,0,0,0,0,0,0,0,0,0,0,0,0,0,0,0,0,0,0,0,0,0,0,0,0,0,0,0,0,0,0,0,0,0,0,0,0,0,0,0,0,0,0,0,0,0,0,0,0,0,0,0,0,1,0,0,0,0,0,0,0,0,0,0,0,0,0,0,0,0,0,0,0,0,0,0,0,0,0,0,0,0,0,1,0,0,0,0,0,0,0,0,0,0,0,0,0,0,0,0,0,0,0,0,0,0,0,0,0,0,0,0,0,0,0,0,0,0,0,0,0,0,0,0,0,0,0,0,0,0,0,0,0,0,0,0,0,0,0,0,0,0,0,0,0,0,0,0,0,0,0,0,0,0,0,0,0,0,0,0,0,0,0,0,0,0,0,0,0,0,0,0,0,0,0,0,0,0,0,0,0,0,0,0,0,0,0,0,0,0,0,0,0,0,0,0,0,0,0,0,0,0,0,0,0,0,0,0,0,0,0,0,0,0,0,0,0,0,0,0,0,0,0,0,0,0,0,0,0,0,0,0,0,0,0,0,0,0,0,0,0,0,0,0,0,0,0,0,0,0,0,0,0,0,0,0,0,0,0,0,0,0,0,0,0,0,0,0,0,0,0,0,0,0,0,0,0,0,0,0,0,0,0,0,0,0,0,0,0,0,0,0,0,0,0,0,0,0,0,0,0,0,0,0,0,0,0,0,0,0,0,0,0,0,0,0,0,0,0,0,0,0,0,0,0,0,0,0,0,0,0,0,0,0,0,0,0,0,0,0,0,0,0,0,0,0,0,0,0,0,0,0,0,0,0,0,0,0,0,0,0,0,0,0,0,0,0,0,0,0,0,0,0,0,0,0,0,0,0,0,0,0,0,0,0,0,0,0,0,0,0,0,0,0,0,0,0,0,0,0,0,0,0,0,0,0,0,0,0,0,0,0,0,0,0,0,0,0,0,0,0,0,0,0,0,0,0,0,0,0,0,0,0,0,0,0,0,0,0,0,0,0,0,0,0,0,0,0,0,0,0,0,0,0,0,0,0,0,0,0,0,0,0,0,0,0,0,0,0,0,0,0,0,0,0,0,0,0,0,0,0,0,0,0,0,0,0,0,0,0,0,0,0,0,0,0,0,0,0,0,0,0,0,0,0,0,0,0,0,0,0,0,0,0,0,0,0,0,0,0,0,0,0,0,0,0,0,0,0,0,0,0,0,0,0,0,0,0,0,0,0,0,0,0,0,0,0,0,0,0,0,0,0,0,0,0,0,0,0,0,0,0,0,0,0,0,0,0,0,0,0,0,0,0,0,0,0,0,0,0,0,0,0,0,0,0,0,0,0,0,0,0,0,0,0,0,0,0,0,0,0,0,0,0,0,0,0,0,0,0,0,0,0,0,0,0,0,0,0,0,0,0,0,0,0,0,0,0,0,0,0,0,0,0,0,0,0,0,0,0,0,0,0,0,0,0,0,0,0,0,0,0,0,0,0,0,0,0,0,0,0,0,0,0,0,0,0,0,0,0,0,0,0,0,0,0,0,0,0,0,0,0,0,0,0,0,0,0,0,0,0,0,0,2
e-Rickshaw with Cart (G),0,0,2,8,3,0,5,3,0,0,0,0,0,1,0,0,2,0,0,46,0,0,0,0,0,3,1,1,0,0,0,0,0,0,2,0,0,0,0,2,0,0,0,0,0,0,4,0,10,0,57,0,6,4,1,0,0,34,1,0,0,0,0,6,0,0,0,4,0,0,0,0,0,0,1,4,17,0,32,0,0,2,0,0,0,23,0,2,0,0,0,0,3,0,0,0,2,0,4,4,1,0,20,1,0,4,0,2,12,13,0,0,9,0,0,0,2,1,41,27,16,0,0,1,4,0,0,1,0,0,1,0,3,1,0,0,11,2,2,3,0,1,0,0,4,0,1,1,0,3,1,6,1,0,0,0,0,0,2,0,73,0,0,2,0,0,0,6,0,0,0,0,0,0,0,0,0,0,0,0,17,0,0,0,0,0,0,0,0,0,5,0,1,0,2,0,0,0,0,0,0,3,6,0,3,1,9,0,2,0,0,2,1,2,24,1,8,4,13,0,0,2,0,6,6,0,0,0,0,3,1,0,0,0,1,0,0,0,0,0,0,0,0,1,0,7,4,153,0,0,0,0,1,1,4,0,1,0,0,0,0,0,6,1,0,1,0,1,0,0,1,18,5,317,0,0,0,0,0,0,0,0,1,2,0,0,0,0,0,0,0,26,0,0,6,27,33,0,0,5,0,10,1,0,14,0,5,10,0,0,0,0,0,0,0,0,0,5,0,0,0,12,0,8,0,0,0,0,0,0,0,108,0,0,0,22,0,340,0,0,0,0,0,1,1,0,0,0,1,1,0,459,0,0,10,2,0,0,9,0,3,0,0,36,1,0,0,0,0,2,0,0,0,2,0,0,0,1,0,0,3,0,0,0,0,3,0,189,2,0,0,3,0,2,0,0,0,0,0,19,0,1,4,0,0,0,0,0,0,0,3,0,0,0,0,1,1,0,2,0,0,0,0,0,0,0,0,0,2,0,0,0,0,0,0,0,16,1,0,13,0,0,0,0,0,45,0,0,0,0,0,0,0,0,3,0,1,0,2,0,0,0,0,24,14,0,0,716,0,1,1,0,0,0,0,0,0,0,0,0,0,0,1,0,17,0,0,0,0,1,0,1,0,0,0,1,0,0,0,11,0,0,0,91,3,0,65,1,0,0,0,1,0,23,0,10,0,0,0,1,0,3,0,0,0,7,1,1,1,0,0,1,0,0,30,1,2,0,0,0,0,0,0,42,20,16,4,0,0,0,0,0,0,0,1,0,0,0,3,0,0,0,0,0,0,0,0,0,2,1,0,0,24,0,0,0,108,0,0,0,0,0,0,0,2,0,0,0,0,0,0,1,0,0,0,0,0,4,0,0,0,0,0,0,0,0,0,0,0,0,0,33,0,0,0,0,0,0,0,0,0,0,0,0,0,0,0,0,6,5,0,0,0,0,26,0,1,1,0,0,0,0,0,2,0,7,13,0,0,0,0,0,0,0,0,1,2,85,0,1,0,0,0,0,2,0,0,0,2,0,0,0,0,0,5,0,0,0,1,0,5,0,19,0,0,0,0,0,0,0,0,0,0,0,0,0,0,0,0,243,0,1,1,52,6,5,19,1,27,1,278,16,12,1,4,8,3,8,2,0,0,1,4,45,1,8,6,8,0,9,0,0,1,11,0,0,0,0,0,0,0,26,1,0,46,0,0,0,0,0,5,9,19,1,1,8,33,4,46,8,16,0,0,0,0,0,1,0,4,6,0,0,20,0,0,0,0,0,0,6,0,0,0,0,0,53,0,0,1,4,0,0,0,0,0,0,0,0,0,0,0,0,0,0,0,0,0,0,0,0,0,0,0,0,0,0,0,0,0,3,1,0,1,0,0,0,5,8,0,0,0,0,0,7,0,0,2,1,2,0,0,0,11,0,0,7,0,0,1,0,0,0,1,0,0,0,1,69,0,0,0,1,0,0,5,1,0,5,0,0,0,0,0,0,0,0,23,0,0,0,0,0,0,0,0,0,0,0,0,0,0,0,0,0,0,1,0,4,0,0,0,0,0,0,0,0,0,0,0,0,13,104,0,0,4,0,0,0,3,17,2,0,11,0,0,0,0,0,0,0,0,0,0,0,0,0,37,0,0,17,0,3,0,0,0,0,0,25,0,4,1,0,0,0,0,0,0,3,0,0,0,0,0,56,1,43,0,0,1,1,0,291,0,0,0,1,0,4,6081
e-Rickshaw(P),3,1,0,1,0,0,49,299,3,0,0,2,0,98,1,265,0,4,1,358,0,0,0,0,0,7,2,1,0,3,0,16,0,0,151,0,1,0,0,862,0,1,0,6,0,15,156,0,419,0,818,1,1,24,103,21,0,580,0,1,0,0,0,7,8,0,0,386,132,58,155,0,0,0,4,1,1012,0,689,2,3,982,359,4,0,120,200,23,0,0,1,0,380,0,0,0,0,0,2,0,151,0,251,0,10,1149,0,46,150,10,0,0,2,17,0,0,1,115,496,6,13,0,1,4,8,68,291,60,1,0,211,2,1,1,0,161,156,111,442,346,5,3,626,0,235,5,31,3,0,288,45,297,126,0,1,1,0,0,376,2,207,0,3,318,16,0,0,202,0,0,0,0,0,0,0,0,0,1,0,0,5,0,0,12,0,0,0,0,190,0,3,0,0,0,1,0,0,0,0,966,0,0,87,0,324,0,2,0,1685,0,11,0,247,133,249,1,81,116,294,0,0,0,85,175,0,0,2,0,0,0,0,135,0,14,291,0,22,40,3,0,0,0,64,0,1,125,8,531,0,0,1,0,13,7,0,0,6,0,0,8,57,0,271,145,0,115,0,0,0,0,0,11,418,1024,0,128,554,110,0,0,98,19,279,40,316,0,0,0,5,0,9,353,0,0,190,506,61,0,0,14,200,199,266,0,21,0,1006,337,0,0,0,24,0,138,0,377,0,250,0,0,0,245,0,96,8,0,0,0,0,3,22,380,0,0,0,68,0,1787,1,0,0,0,1,0,3,175,0,0,4,8,191,2363,0,4,210,36,0,0,15,0,12,0,0,16,159,0,0,5,0,10,0,10,5,27,0,0,0,0,52,0,1704,0,0,1,0,0,0,2820,0,0,0,323,0,10,0,0,0,3,0,453,0,238,31,0,9,0,0,3,0,0,2,99,0,1,0,2,0,5,0,190,146,0,30,0,4,14,547,0,1,7,0,1,0,1,0,0,8,18,0,17,5,1,0,0,0,0,0,0,0,0,0,0,0,49,52,10,57,0,4,0,2,0,140,459,146,0,1,1043,0,11,70,164,0,0,0,0,0,0,0,0,0,1,1398,0,68,0,1,0,1,1,1,0,0,5,0,0,1,0,0,412,0,0,0,326,13,0,948,3,0,0,0,155,0,525,0,387,311,403,0,0,0,417,224,0,0,380,2,1,78,0,109,41,0,0,312,2,439,270,0,567,0,2,0,468,17,48,1023,194,0,0,0,0,0,0,0,0,1,0,6,0,1,470,2,4,0,0,0,1,2,0,2,1062,32,2,7,0,811,0,0,0,0,0,0,187,177,16,0,0,1,25,0,1,0,0,0,0,0,7,0,0,0,0,0,1,0,0,0,0,0,1,0,1530,0,0,2,0,0,0,1,0,2,0,0,0,0,0,0,0,2,189,0,0,0,1,1,88,46,476,337,0,0,0,0,125,0,4,1377,9,0,0,40,0,1,0,0,13,0,500,0,2,0,0,3,0,1,0,10,31,55,0,2,0,0,0,5,0,0,0,1,0,46,0,107,0,0,0,0,0,0,0,0,0,0,0,0,0,0,0,0,1324,0,48,212,0,209,212,3,13,66,5,176,117,129,78,27,281,43,7,0,1,10,14,5,293,3,164,109,76,58,9,107,0,32,25,0,20,0,25,3,2,62,156,0,0,22,0,1,0,147,0,109,0,23,22,0,0,362,8,404,0,19,0,0,0,1,0,0,0,13,327,312,155,658,0,0,0,0,0,0,559,0,5,0,0,0,230,1,0,37,9,0,0,0,0,0,0,0,0,0,0,0,0,0,0,0,0,0,0,0,0,0,0,0,0,0,1,14,0,2,375,124,5,8,1,0,0,16,1031,0,0,0,0,0,235,0,0,131,239,9,0,1,168,242,6,1,19,0,0,58,150,0,0,4,0,0,0,180,304,0,1,38,171,96,176,851,3,0,414,0,0,81,0,0,0,1,0,1,0,0,0,0,0,0,0,23,5,0,0,0,0,0,2,1,4,0,8,0,119,0,0,0,0,0,0,0,0,0,0,0,0,94,2514,0,15,1,0,0,0,6,3,231,1,476,0,0,0,0,46,0,1,444,0,0,0,341,0,481,30,0,2,0,495,0,0,0,0,0,722,3,1,7,0,0,0,1,0,0,5,90,0,0,0,0,135,1,19,0,0,5,0,0,1159,40,1321,0,0,0,2,83110
Total,3,8,6,376,96,1,172,330,24,8,1,8,2,138,7,265,3,5,12,482,2,7,129,37,29,53,4,16,13,15,24,17,11,5,153,4,1,23,1,865,7,2,5,14,13,22,161,11,439,2,1012,21,13,166,108,34,19,637,1,16,1,7,2,38,32,15,7,393,132,58,155,4,94,4,59,24,1039,13,728,47,4,998,365,5,1,149,200,32,18,7,28,22,384,7,10,413,1846,376,1694,540,152,53,271,8,10,1153,1,64,182,53,16,9,23,17,17,6,78,119,693,130,141,16,8,13,15,68,291,62,5,1,212,3,129,26,442,165,175,115,448,352,9,39,626,3,240,10,37,73,2,304,116,350,135,7,3,8,6,10,379,72,369,31,13,325,16,2,2,208,85,114,83,140,64,193,81,110,232,9,1,40,182,26,2,20,11,85,39,7,191,68,125,6,12,4,11,55,49,58,33,967,10,44,110,6,327,33,28,1,1689,12,12,12,256,135,296,23,160,120,319,5,1,6,86,216,22,12,16,1,85,51,27,135,38,14,292,30,23,40,83,11,52,4,65,12,28,195,27,860,11,42,1,3,37,50,1948,1,54,17,27,10,61,25,280,185,2,129,9,2,1,1,48,86,452,1389,12,152,555,112,2,9,98,31,288,42,325,8,15,9,5,1,16,397,11,11,220,565,103,5,23,73,201,231,268,1,47,3,1014,398,44,1,160,36,43,149,4,377,157,259,1,9,93,264,12,106,31,11,114,1,17,3,25,685,21,14,3,126,3,2132,4,426,27,11,11,139,18,176,6,34,37,14,194,2874,4,4,227,41,4,2,53,30,85,1,97,133,175,7,2,30,16,19,5,32,5,97,3,20,1,109,54,18,1711,38,24,15,1,4,30,3083,111,2,7,326,3,14,11,50,8,17,14,472,6,240,59,6,9,6,6,9,15,8,33,105,16,4,1,3,5,8,4,198,146,60,32,7,14,17,548,33,142,30,1,17,3,7,3,2,53,24,3,31,8,33,34,79,69,327,1,17,28,26,78,4,2,76,61,12,61,1,51,3,32,2,140,488,160,8,1,1776,1,26,104,169,19,1,25,32,28,13,3,1,3,75,1399,40,177,4,3,30,53,33,243,111,41,11,5,22,15,96,1,466,6,6,11,420,23,88,1126,26,8,7,8,180,2,560,10,397,311,404,208,281,401,431,231,27,11,404,41,81,89,17,110,51,9,7,369,34,461,276,111,567,9,80,64,538,52,89,1055,194,90,85,22,5,13,3,1,3,43,1,171,1,31,486,11,6,21,11,10,22,5,1,12,1077,59,25,19,80,1057,4,5,10,2,22,37,187,194,16,34,3,20,35,14,10,5,8,5,8,11,11,5,37,12,122,5,20,1,6,14,2,4,12,2,1724,11,14,4,18,23,26,27,2,19,25,3,44,67,7,13,366,12,195,4,25,10,4,1441,89,63,486,340,17,48,17,7,141,36,29,1419,34,1,190,40,5,1,1,16,15,38,723,41,4,63,29,14,6,8,36,10,41,250,26,2,39,5,50,28,7,1,115,29,3,70,34,182,1,2,1,2,1,1,1,1,5,2,1,5,1,1,3,1,1600,31,68,236,99,217,233,22,46,95,6,621,133,141,80,31,289,46,30,17,1,11,20,10,338,18,183,118,85,113,30,113,1,37,45,104,24,1,25,6,2,62,191,38,74,79,16,1,50,152,12,124,1075,48,30,129,33,398,23,670,31,45,6,21,2,4,5,3,4,31,366,314,155,687,4,21,11,36,23,2,606,4,21,163,12,2,300,8,2,59,29,1,1,1,1,4,4,2,1,1,11,1,1,1,58,4,1,2,1,6,1,1,1,3,4,35,18,24,4,12,383,125,5,29,62,148,1,84,1045,8,39,3,2,27,245,1,37,133,258,14,6,1,170,361,6,39,71,25,13,160,158,41,6,18,6,20,23,183,427,100,8,39,175,98,186,856,47,7,426,1,151,81,21,3,10,26,16,165,2,19,14,16,7,10,76,61,70,4,32,4,10,135,2,10,33,9,9,36,124,150,111,28,16,41,37,24,58,41,21,17,1,380,2788,11,150,98,61,1,24,106,130,233,3,501,2,11,1,120,76,23,2,445,2,1,7,344,3,518,37,2,69,7,523,2,19,38,2,22,828,9,84,94,3,55,34,1,56,23,44,90,12,25,12,22,268,80,78,3,13,15,2,5,2271,41,1519,19,89,5,8,124648
